English,Kokborok
I,ang
you,nwng
he,bo
she,bo
we,bwrwi
they,borok
are,ong
this,bwma
that,abo
here,bwkha
there,okha
who,sorw
what,mung
where,bwkhao
when,bobo
how,bwswk
not,ya
all,phrw
many,kaham
some,kajwk
few,sagwi
other,tongo
one,sa
two,nwi
three,tham
four,brwi
five,ba
big,kwthor
long,kwthwi
wide,kolom
thick,malwi
heavy,baksa
small,kwthi
short,twi
narrow,riti
thin,bamanjak
woman,bwrwi
man,bwsa
human,borok
child,khudu
wife,bwsai
husband,swi
mother,ma
father,pha
animal,moina
fish,ha
bird,tokhwi
dog,chuk
louse,thik
snake,jwbwi
worm,porong
tree,bolong
forest,kotor
stick,tangal
fruit,thwi
seed,biji
leaf,bildak
root,samuk
bark,bokhor
flower,bukung
grass,nolok
rope,riju
skin,kokma
meat,mwchang
blood,thokhwi
bone,sajung
fat,tha
egg,thai
horn,kusung
tail,lama
feather,mwkhwng
hair,khum
head,khakma
ear,khakchek
eye,moksok
nose,khusung
mouth,khuk
tooth,ha
tongue,muluk
fingernail,swrwng
foot,yakung
leg,yapa
knee,khakur
hand,yakma
wing,pakhla
belly,bwkhuk
guts,bwkhi
neck,khorok
back,jamkhak
breast,mwkhwk
heart,norok
liver,thimsin
drink,nung
eat,chak
bite,nakma
suck,chunuma
spit,thusumo
vomit,miklaimo
blow,phurw
breathe,thwi sumw
laugh,mwnsi
see,nai
hear,khina
know,sikhi
think,hammak
smell,mwna
fear,khi
sleep,thwi
live,thang
die,thwi
kill,swo
fight,hamjak
hunt,saka
hit,bwkhak
cut,klai
split,prak
stab,sok
scratch,khuchu
dig,chu
swim,hai
fly,por
walk,thang
come,phang
lie,thi
sit,chupwi
stand,thwngmwng
turn,kholwi
fall,khakla
give,rw
hold,rwhwi
squeeze,nup
rub,sui
wash,sui
wipe,swi
pull,tang
push,nwng
throw,ga
tie,kat
sew,chup
count,kwra
say,tai
sing,manwi
play,kholoi
float,bwlai
flow,swi
freeze,khathnai
swell,phung
sun,sal
moon,tal
star,archu
water,twi
rain,twima
river,chara
lake,jola
sea,khagra
salt,mwkha
stone,athuk
sand,balu
dust,dumur
earth,ha
cloud,nokhor
fog,kumung
sky,khugung
wind,bar
snow,tokhom
ice,twikok
smoke,khumchu
fire,hor
ash,chobra
burn,chum
road,lambai
mountain,burung
red,mwchang
green,hangkha
yellow,komol
white,kobok
black,kosom
night,hor
day,sal
year,bochhor
warm,ualung
cold,nwngkhak
full,bwkhang
new,tongo
old,phura
good,hamya
bad,hamya
rotten,buruk
dirty,mainok
straight,kwching
round,kolum
sharp,kana
dull,tomol
smooth,noksok
wet,chupwi
dry,rokhok
correct,thik
near,kaching
far,kachakri
right,yakma
left,yatwi
at,o
in,no
with,nai
and,aro
if,yangdi
because,bobo
name,mung
house,nok
village,nagar
city,sohor
field,khet
school,iskul
teacher,master
student,patini
book,khata
pen,kolom
paper,kagoj
rice,mairang
food,chak
vegetable,takhuk
fruit,thai
meat,bitharw
milk,dudh
water,twi
tea,cha
coffee,kopi
breakfast,phungna chak
lunch,mwngna chak
dinner,haihukna chak
morning,phungna
afternoon,mwngna
evening,haikukna
night,hor
today,tini
tomorrow,misini
yesterday,miya
week,hapta
month,jolai
year,bochhor
time,somoi
hour,ghonta
minute,minit
second,sekend
watch,ghori
clothes,rishik
shirt,shirt
pants,pent
shoes,juta
hat,tupi
bag,thok
money,taka
market,hator
shop,dokan
buy,bai
sell,pathwi
price,dam
expensive,damya
cheap,damkumuya
doctor,doktor
medicine,osudh
hospital,hastpatal
sick,rogoi
healthy,furtiya
pain,bijak
headache,khakma bijak
fever,jor
cold,thanda
car,gari
bus,bas
train,rel
airplane,urugari
bicycle,sakel
road,lambai
bridge,dola
river,chara
lake,jola
mountain,burung
forest,bontor
tree,bolongma
flower,bukung
grass,ghash
sky,rwnai
sun,sal
moon,tal
star,arthai
cloud,monthai
rain,twima
snow,bwrwf
wind,bar
fire,hor
water,twi
earth,ha
stone,athuk
metal,loha
gold,son
silver,rupo
iron,lohomoshla
glass,shisha
plastic,plastic
wood,bolongthai
paper,kagoj
cotton,kapas
wool,lomcham
body,mokol
head,khakma
face,mokhang
eye,moksok
ear,khakchek
nose,khusung
mouth,khuk
tooth,ha
tongue,mukchep
hair,sim
hand,yakma
arm,yagra
leg,yapa
foot,yakung
heart,rwchak
blood,thwi
bone,sajong
muscle,mwichak
skin,kokma
baby,khudu
child,khudu
boy,khorang
girl,burui
man,korang
woman,burui
family,nwksa
father,afa
mother,ama
brother,bikhu
sister,binwng
son,korang
daughter,burui
husband,laima
wife,bwsai
friend,wati
neighbor,kashingno thaknai
job,kam
work,kam
office,opis
boss,malwk
employee,kamini
meeting,sabha
telephone,fon
email,email
internet,internet
computer,komputer
website,website
music,rwmwi
song,mandia
dance,naigwlwng
art,kala
movie,cinema
television,tivi
radio,redio
newspaper,khobor kagoj
book,boi
magazine,patrika
sport,khel
football,fut bol
cricket,kriket
tennis,tenis
swimming,hai
running,dengma
walking,thangma
story,kothoma
history,itihas
war,judho
peace,santi
religion,dharam
god,moharai
temple,mondir
church,girja
mosque,mosjid
prayer,projona
birth,jonom
death,thwima
marriage,kaimani
divorce,alada
happiness,kushi
sadness,duk
anger,raga
love,swnam
hate,nachai
fear,bhoi
courage,sahosh
mind,budhimung
thought,chinta
idea,chintani
opinion,mot
truth,sottiya
lie,micha
good,hamya
bad,hammaya
right,thik
wrong,bhul
beautiful,mwjang
ugly,bising
clean,furtiya
dirty,moilo
new,tongo
old,purono
young,khudu
old,bwrwi
hot,jwlwng
cold,nangkhak
easy,swbjw
difficult,kosto
fast,rwngkha
slow,aloiro
hard,shakto
soft,norom
start,arom
end,ses
top,wasa
bottom,hasa
side,kachum
front,sak
back,yakha
up,sa
down,ha
north,uttor
south,dokkhin
east,purbo
west,poschim
right,yakma
left,yatui
center,majhar
inside,bitor
outside,baire
between,majhe
across,argo
through,madhya
around,chare
against,birodhe
without,chara
for,jonno
from,theke
to,ke
with,sange
about,bishoye
during,somoy
before,age
after,pore
while,jokhon
because,karon
if,jodi
or,othoba
and,ar
but,kintu
also,o
only,sudhu
very,khub
too,onek
more,beshi
less,kom
enough,jotheshto
not,na
all,sob
some,kichu
many,onek
few,olpo
other,onno
same,ekoi
different,bhinna
each,prottek
every,sotto
any,jekono
no,na
yes,hoi
please,doya
thank you,dhonnobad
sorry,dukkho
excuse me,khoma
hello,namaskar
goodbye,bidai
good morning,subho sokal
good afternoon,subho dupur
good evening,subho sondha
good night,subho ratri
welcome,shagotom
how are you,kemon acho
fine,bhalo
language,bhasha
word,shobdo
sentence,bakko
letter,chithi
number,songkha
one,sa
two,nwi
three,tham
four,brwi
five,ba
six,dok
seven,chini
eight,char
nine,chuku
ten,chi
hundred,soso
thousand,hajar
million,million
zero,sunya
first,prothom
second,dwitiya
third,tritiya
last,shesh
next,porer
program,program
system,system
file,file
data,data
information,tothya
technology,projukti
science,biggan
mathematics,gonit
physics,podartho biggan
chemistry,rosayan
biology,jibobiggan
history,itihas
geography,bhugol
literature,sahitya
economy,orthoniti
politics,rajniti
society,somaj
culture,songskriti
government,shorkar
president,rashtropoti
prime minister,prodhonmontri
king,raja
queen,rani
country,desh
nation,jati
state,rajjo
city,shohor
town,nogor
village,gram
street,rasta
address,thikana
building,bhaban
room,ghor
wall,deyal
door,dorja
window,janala
floor,meji
ceiling,chhad
roof,chhad
stairs,sidhi
furniture,ashabpotro
chair,chair
table,table
bed,khat
bathroom,bathrum
kitchen,ranna ghor
garden,bagan
farm,khamar
factory,karkhana
office,office
school,school
university,bishwobidyaloy
hospital,haspatal
bank,bank
restaurant,restaurant
hotel,hotel
airport,biman bondar
station,station
port,bondar
beach,shore
mountain,pahar
hill,tila
valley,upotoka
desert,morubhumi
island,dwip
ocean,mahasagor
sea,samudra
river,nodi
lake,hrad
forest,bon
jungle,jongol
garden,bagan
park,park
zoo,chiryakhan
farm,khamar
field,maat
plant,gachh
tree,gachh
flower,phul
grass,ghas
animal,pranee
bird,pakhi
fish,machh
insect,pooka
butterfly,projapoti
elephant,hati
tiger,bagh
lion,shingho
bear,bhalluk
wolf,neikurya
fox,shiyal
dog,kuthma
cat,mewko
horse,ghora
cow,goru
goat,chagol
sheep,bhera
pig,shukar
rabbit,khargosh
mouse,indur
frog,bang
snake,sap
crocodile,kumir
fish,maach
whale,til mach
dolphin,shushuk
shark,hangor
octopus,ashto-pa
crab,kakra
shrimp,chingri
bee,moumachi
ant,pipra
spider,makorsa
mosquito,masha
fly,machi
butterfly,projapoti
bird,pakhi
chicken,murgi
duck,hash
eagle,eagle
owl,pyancha
parrot,tota
penguin,penguin
peacock,moyur
crow,kak
sparrow,chorui
pigeon,kobutor
apple,apple
banana,kola
orange,komla
grape,angur
mango,aam
pineapple,anaros
strawberry,strawberry
coconut,narikel
watermelon,tormuj
lemon,lebu
potato,alu
tomato,tomato
onion,peyaj
garlic,roshun
ginger,ada
carrot,gajor
cabbage,bandha kobi
rice,chal
wheat,gom
corn,bhutta
bread,ruti
cake,kek
ice cream,ais krim
chocolate,choklet
sugar,chini
salt,lobon
pepper,morich
oil,tel
butter,makhan
cheese,poneer
egg,dim
milk,dudh
juice,rosh
coffee,kopi
tea,cha
water,pani
wine,modh
beer,biar
breakfast,nashta
lunch,dupur er khabar
dinner,rater khabar
soup,sup
salad,salad
restaurant,restaurant
chef,rannar lok
waiter,perosa
menu,menu
bill,bil
cup,kap
glass,glass
plate,plet
fork,kata chamoch
knife,churi
spoon,chamoch
bowl,bati
table,tebl
chair,chair
king,raja
queen,rani
president,rashtropoti
prime minister,pradhana montri
minister,montri
governor,governor
mayor,mayor
officer,adikari
soldier,sonik
police,police
judge,bicharok
lawyer,ukil
doctor,daktar
nurse,nurse
teacher,sikhok
student,chatrw
engineer,projukti bidh
scientist,biggani
artist,shilpi
musician,shongitkar
actor,obineta
actress,obhinetri
writer,lekhok
director,porichalok
producer,nijata
manager,bebostaapok
clerk,kerani
secretary,sochib
accountant,hishab rokhkhok
salesman,bikreta
customer,krwta
driver,chalok
pilot,biman chalok
captain,adhnaok
sailor,nabik
farmer,krishok
gardener,mali
barber,napit
tailor,darji
baker,rutiola
butcher,kasai
blacksmith,kamar
carpenter,mistri
plumber,jol mistri
electrician,bidyut mistri
mechanic,mistri
businessman,babsai
job,chakri
work,kaj
office,office
factory,karkhana
farm,khamar
market,bajar
shop,dokan
store,dokan
bank,bank
post office,dak ghar
hospital,haspatal
clinic,chikitsa kendro
pharmacy,oushudher dokan
school,bidyaloy
college,mohabidyaloy
university,bishbobidyaloy
library,granthagar
museum,jadughar
theater,theater
cinema,cinema
concert,concert
stadium,stadium
park,park
zoo,chiryakhaana
restaurant,restaurant
cafe,cafe
hotel,hotel
house,bari
apartment,apartment
room,ghor
kitchen,ranna ghor
bathroom,bathrum
bedroom,soyanghor
living room,boithok ghor
garden,bagan
garage,gaari ghor
door,doroja
window,janala
wall,dewal
floor,mejhe
ceiling,chhat
roof,chhat
stairs,sidhi
elevator,elevator
key,chabi
lock,tala
light,alo
lamp,bati
television,television
radio,radio
telephone,telephone
mobile,mobile
computer,computer
internet,internet
book,boi
newspaper,songbad potro
magazine,potrika
letter,chithi
pen,kolom
pencil,pensil
paper,kagoj
notebook,khata
calendar,panjika
clock,ghori
watch,haat ghori
wallet,wallet
purse,purse
bag,bag
suitcase,suitcase
umbrella,chhata
hat,tupi
cap,tupi
glasses,choshma
sunglasses,rod choshma
clothes,kapar
shirt,shirt
t-shirt,t-shirt
dress,poshak
skirt,skirt
pants,pants
jeans,jeans
shorts,shorts
jacket,jacket
coat,coat
sweater,sweater
suit,suit
tie,tai
scarf,scarf
gloves,gloves
sock,sock
shoe,juta
boot,boot
sandal,sandal
slipper,chapal
belt,belt
jewelry,goyna
ring,angti
necklace,haar
earring,kaner dul
bracelet,churi
watch,ghori
perfume,atar
soap,saban
shampoo,shampoo
toothbrush,dater brush
toothpaste,dater pest
towel,gamcha
razor,rejaar
mirror,ayna
comb,chiru
brush,brush
makeup,saaj
lipstick,lipstick
cream,cream
lotion,lotion
tissue,tissue
toilet paper,toilet paper
medicine,oshudh
pill,bori
injection,injection
bandage,bandage
thermometer,thermometer
wheelchair,wheelchair
health,swasthya
disease,rog
fever,jwor
cold,thanda
cough,kashi
headache,matha bedona
stomachache,pet bedona
pain,bedona
injury,aghaat
wound,khoto
accident,durghathona
emergency,joruri obostha
appointment,appointment
treatment,chikitsa
surgery,surgery
dentist,dater daktar
optician,chokher daktar
pharmacy,oushudhaloyo
prescription,prescription
insurance,bima
exercise,byayam
yoga,yoga
meditation,dhyan
diet,diet
nutrition,pusti
vitamin,vitamin
mineral,khanij
protein,protein
carbohydrate,carbohydrate
fat,chorbhi
calorie,calorie
vegetarian,niramish
vegan,vegan
weight,ojon
height,uchota
size,akaar
length,dorghyo
width,prostho
depth,gabhirata
temperature,tapomatra
pressure,chap
speed,goti
distance,duratto
direction,dik
location,sthaan
position,obosthan
map,manochitro
compass,compass
guide,guide
instruction,nirdesh
manual,manual
rule,niyom
law,ain
policy,niti
regulation,probidhaan
tax,kor
bill,bil
receipt,raoshid
account,hisab
budget,bajeet
loan,rin
mortgage,bondhoki
interest,shud
credit,credit
debit,debit
cash,nogod
check,check
card,card
currency,mudra
dollar,dollar
rupee,taka
coin,mudra
note,note
wallet,wallet
bank,bank
ATM,ATM
investment,biniyog
stock,stock
share,sheaar
market,bajar
trade,banijyo
business,babsha
company,kompani
corporation,corporation
firm,firm
industry,shilpo
product,ponno
service,sheba
customer,krwta
client,graahok
supplier,joggandatta
distributor,bitrwankari
retailer,khuchara bikrwta
wholesaler,paikari bikrwta
dealer,dealer
agent,agent
sale,bikri
purchase,kroy
order,aadesh
shipment,shipment
delivery,bitorwn
package,parshal
gift,upohar
advertisement,biggapon
promotion,promotion
discount,discount
price,dam
cost,mullo
value,mullo
quality,gunnawatto
quantity,porimaan
size,aakar
color,rwng
style,style
design,design
brand,brand
logo,logo
label,label
tag,tag
box,box
container,paatro
bottle,botol
can,tin
jar,jar
packet,packet
bag,bag
basket,jhuri
material,upaadaan
metal,dhaatu
wood,kaath
plastic,plastic
glass,kaach
paper,kagoj
cloth,kaapor
leather,chamra
rubber,rubber
cement,cement
concrete,concrete
brick,it
stone,paathor
sand,baali
soil,mati
clay,kaadaamati
dust,dhulo
dirt,moyla
mud,kaadaa
rock,paathor
diamond,heerar
gold,shona
silver,rupo
copper,tama
iron,loha
steel,ispaat
lead,shisha
tool,hotyaar
hammer,haturi
nail,prek
screw,skru
bolt,bolt
nut,nut
washer,washer
drill,drill
saw,korat
pliers,pliers
wrench,wrench
screwdriver,screwdriver
scissors,kaichi
English,Kokborok
air,bar
alive,thangna
allow,hoknai
almost,chaknai
alone,ekele
already,irokmano
also,aro
always,hambwrwi
ancient,purano
angle,kon
angry,ragama
ankle,goubu
announce,khokrona
annoy,hamyani
answer,jabap
anxiety,chinta
anxious,chhinta kha
any,jekhono
apart,alada
apologize,khoma
apparatus,jontra
appear,dekhama
apple tree,apple bolong
appointment,somoi
approach,kachingano
approve,hoimo
architect,vaskaar
area,jaga
argue,golmal
arise,utha
arithmetic,lekha
arm,yagra
army,fouj
arrange,sajano
arrest,dhor
arrive,phaina
arrogant,ohongkari
arrow,tir
art,shilpa
artist,shilpi
ashamed,lojja
aside,argo
ask,sog
asleep,thwima
assault,aakromon
assemble,joro
assign,niyog
assist,sahajjo
assume,dhorona
astonish,chhokit
attach,jorono
attack,aakromon
attempt,chesta
attend,upasthit
attention,monojog
attic,char
attorney,ukil
attract,akorsit
attractive,shundor
audience,dorsok
aunt,masi
author,lekhok
authority,kortritto
autumn,shorot
available,proyojonio
avenue,rastai
average,gor
avoid,erono
awake,jagono
award,puroskar
aware,socheton
awful,byatha
axe,kuraal
baby bottle,shishur botol
back door,pichon dar
background,potobhumi
backpack,pithbag
backwards,ulta
bacteria,jibaanu
badge,podok
badly,kharap
baggage,luggage
bake,senk
balance,bharshammo
balcony,balcony
ballet,nrittonatya
balloon,balun
ballot,bhot
bamboo,bajaar
banana tree,kola gachh
band,bondho
bandage,potti
banish,nirbason
banking,banking
banner,potaka
banquet,bhojon
bar code,bar code
barber shop,napiter dokan
bare,khali
bargain,daraadaari
bark,gheu gheu
barn,goyal
barrel,pipa
barren,bondhya
barrier,badha
baseball,baseball
basement,tola
basket,jhuri
basketball,basketball
bat,badur
bath,snan
battery,batari
battle,juddho
bay,upasagor
beach,shoikot
bead,puti
beam,beam
bean,sim
beard,daari
beast,poshu
beat,mara
beautiful,shundor
beauty,shundorjo
become,hoye otha
bed sheet,bedsheet
bedroom,shoyonkakkho
bee hive,moumachir chhak
beef,gorur mangsho
beer mug,biarer mog
beet,beet
beetle,poka
beg,bhikha
beggar,bhikari
begin,shuru
behave,acharon
behavior,acharon
behind,pechone
believe,bishwas
bell,ghonta
belly button,nabhimul
belong,odhikar
below,niche
belt buckle,belter bakol
bench,bench
bend,baanka
beneath,niche
benefit,labh
bent,baanka
berry,berry
beside,pashe
best,shorbottom
bet,bahji
better,valo
between,modhye
beyond,otiriktyo
bicycle pump,cycle pump
big toe,boroto angul
bill,bil
billion,shoto koti
bin,aaborjona patro
binoculars,durbin
biography,jiboni
biology teacher,jibbiggan shikkhok
birth control,jonmoniyontron
birth certificate,jonmo shonod
birthday cake,jonmodin cake
birthmark,jonmochinho
biscuit,biscuit
bishop,bishop
bite,khamor
bitter,titto
black eye,kalo chokh
blackboard,blackboard
bladder,mutrasay
blade,blade
blame,dosh
blanket,kombol
bleed,roktopat
bless,ashirbad
blind,ondho
blindfold,chokh bandha
blister,foskaa
blizzard,tufaan
block,aatke rakha
blood test,roktho porikha
blouse,blouse
blow,fuu dewa
blueprint,blueprint
blush,lojja
board game,board game
boast,ahankar
boat,nouka
boathouse,nouka ghor
body odor,gaa gondho
boil,fotan
bolt,bolt
bomb,boma
bone marrow,mojja
bonfire,agnikunda
book cover,boi er molapotro
bookcase,boier almari
bookmark,bookmark
boom,boom
boost,uthano
booth,ghera
booze,modh
border,shimana
bore,birokto
borrow,dhar kora
boss,kartaa
botany,udbhid-biggan
bother,birokto
bottle opener,botol khola jontra
bottom,tola
boundary,shimana
bouquet,torar gathaa
bow,dhanuk
bowl,bati
box office,tikitghor
boxing,boxing
bracelet,churi
brain,moshtishko
brake,brake
branch,shaakhaa
brand new,ekdom notun
brass,pittol
brave,shahoshi
bread basket,ruti rakhar jhuri
break dance,break dance
breakdown,veshe jawa
breakfast cereal,nashtar shosha
breakthrough,breakthrough
breath,shwash
breathe,shwashgrohon
breeze,haawa
brewery,modh toirir karkhana
brick house,iit er baari
bride,kone
bridge,shetu
bridle,bridle
bright,ujjwol
brilliant,ujjwol
bring,niye asha
brink,kinaraa
brochure,brochure
broken,bhangaa
broker,dalaal
bronze,bronze
broom,jharu
broth,jhol
brother-in-law,bhai shamadhi
brown bread,brown bread
bruise,kaala dag
brush,brush
bubble,bulbule
bucket,balti
buckle,jhampa
bud,kuari
buffet,buffet
bug,poka
build,banano
building,bhaban
bulb,balb
bulk,parimaan
bullet,bullet
bulletin board,noticeboard
bumblebee,bho-bho
bumpy,unchu-nichu
bun,pauruti
bunch,guchha
bundle,aati
bungalow,banglo
bunny,khargosh
burden,bojhaa
bureau,aaina-almira
burglar,chhor
burn,pora
burner,chulha
burnt,pora
burp,dhekur
bury,kabar dewa
bus station,bus steshon
bus stop,bus stop
bush,jhop
businessman,babsayi
busy,besto
butcher shop,mangsho bikroy kendro
butler,battler
butterfly net,projapoti dhorar jaal
button,botaam
buy,kena
buzz,bhinbhin
buzzer,alarm
cabbage leaf,bandhakobi paata
cabin,kuair
cabinet,kabinet
cable,kable
cactus,kaktus
cafe,cafe
cafeteria,canteen
cage,pinjor
cake pan,cake pan
calculator,calculator
calendar date,calendar date
calf,bachur
call,daaka
calm,shanto
calorie counter,kalori gonok
camel,ut
camera lens,camera lens
camouflage,camouflage
campaign,avijan
campfire,campfire
camping,camping
campsite,shipping
can opener,kan opener
canal,khaal
canary,kanari
cancel,baatil
cancer,karkot rog
candle holder,mombati dhore rakhar jinish
candy store,mishti dokan
cane,lathi
canister,patro
cannibal,norokhok
cannon,kaman
canoe,khudro nouka
canopy,canopy
canvas,canvas
canyon,giri songkot
capable,shokkhom
capital,rajdhani
capsize,ulte jawa
capsule,capsule
captain,kaptaan
capture,dhorano
caravan,bahoner shreni
carbon,carbon
card game,tash khela
cardboard,cardboard
cardinal,cardinal pakhi
care,dekhashona
careful,shotorko
careless,oshotorko
cargo,maal
carnival,melaa
carpenter's hammer,sutar haturi
carpet,carpet
carriage,ghora-gari
carrier,carrier
carrot cake,gajor cake
carry,boye newa
carton,carton
cartoon,cartoon
carve,khodai
cascade,jharnadhara
case,mamla
cash register,cash register
cashew,kaaju
casino,casino
cassette,khyashet
cast,chhaka
castle,durgo
casual,casual
cat food,biraler khabar
catalog,thalika
catch,dhora
catering,khataring
cathedral,boro girja
cattle,goru
cause,karon
caution,shotorkota
cave,guha
caviar,kaviyar
ceiling fan,chhat pankha
celebrate,utshob korano
celery,celery
cell,cell
cellar,bhoghor
cello,cello
cemetery,shoshanghat
cereal,shosha
ceremony,onushthan
certainly,obosshoi
certificate,promanpotro
chain,shrinkhol
chair leg,chair leg
chairman,shobhapoti
chalk,khori
challenge,challenge
chamber,chamber
champion,champion
chance,shujog
change,poriborton
channel,channel
chaos,golmaal
chapel,chapel
chapter,oddhay
character,chorittro
charcoal,koyela
charge,charge
charity,daan
charm,akorshon
chart,chart
chase,dhawa
chat,golpo
chatter,bakhbakani
cheap,shosta
cheat,protarona
check out,check out
checkmate,checkmate
cheek,gaal
cheerful,anondito
cheese grater,ponir kora jontra
chef hat,rashuiyar tupi
chemical,rasayon
chemistry lab,rasayan laboratory
cherish,sheba
cherry,cherry
chess,daba
chest,buk
chestnut,chestnut
chew,chibano
chicken coop,murgi ghor
chicken pox,jolobasonto
chief,mukhya
child care,shishu jotno
childhood,shoisob
childish,shishushulabh
chill,thanda
chimney,chimney
chin,thutni
chip,chip
chocolate bar,chocolate bar
chocolate cake,chocolate cake
choice,pochondo
choir,gaayak dol
choke,gola bondho
choose,pochondo kora
chop,kaata
chopsticks,chopsticks
chord,shur
chorus,chorus
church bell,girjar ghonta
cider,cider
cigarette,cigarette
cinema hall,cinema hall
circle,britto
circuit,circuit
circus,sharkas
citizen,nagorik
city center,shohar kendro
city map,shohor map
claim,dabi
clam,jhinu
clap,haattali
clarify,byakkhya
clasp,clasp
class,class
classic,classic
classify,shrenibhag
classroom,classroom
claw,noko
clay pot,matir patil
clean,porishkar
cleaner,porishkarak
clear,porishkar
clerk,kerani
clever,buddiman
click,click
client,grahok
cliff,parbottay kinar
climate,jolobayu
climb,charha
clinic,chikitsalay
clip,clip
clipboard,clipboard
cloak,orhona
clock tower,ghari tower
clockwise,ghorir katha onujaye
clone,klon
close,bondho
closet,closet
cloth,kaapor
cloud cover,megh
clown,bhaar
club,club
clue,ishot
clumsy,onipun
cluster,guchchho
clutch,karamute dhora
coach,coach
coal,koila
coast,upokul
coat hook,coat hook
cobweb,makorsha jaal
cockroach,telpoka
cocktail,cocktail
cocoa,cocoa
coconut shell,narkeler khol
code,code
coffee maker,coffe toiri jontra
coffee shop,coffee shop
coffin,shobadhar
coin purse,mudrar tholi
coincidence,akkaghmik
cold sore,thot ghaa
collage,kollaj
collar,collar
colleague,sohkormi
collect,shongroho
collection,shongraha
college student,college student
collision,dhakka
colonel,kernel
colony,upanibesh
color blind,borna ondho
colorful,rongin
column,stambha
comb,chiru
combine,milon
come back,fire asha
comedy,koutorasray
comet,dhumketu
comfort,araam
comfortable,araamjanak
comic,rohosshopurno
command,aadesh
comment,comment
commit,korte raaji
committee,committee
common,shadharon
communicate,jogajog
community,shomaj
compact,compact
companion,shongee
company,kompani
compare,tulano
compass,kompash
compete,competition
competition,competition
complaint,abhijog
complete,shompurno
complex,jotil
complicate,jotil kora
compliment,proshongsha
compose,rochona
composer,shurkar
compromise,apaash
compulsory,batamulak
compute,gaanaa
comrade,shaathi
conceal,lukano
concentrate,monojog dewa
concern,udbeg
concert hall,shongeetshaala
conclude,shesh kora
concrete mixer,concrete mixer
condemn,ninda
condition,obostha
conduct,cholano
conductor,porichalok
cone,shonku
confess,shwikar
confidence,atmabishwash
confident,atmabishwashi
confuse,bibranto kora
confusion,bibhranti
congratulate,ovhinondon
connection,jogajag
conquer,joy kora
conscience,bibek
conscious,shacheton
consider,bichaar kora
consist,gothito
console,shaannaa
constant,nityo
construct,nirman
consult,poraamarsha
consume,bhogkora
contact,jogajog
contain,dharon kora
content,shontushti
contest,protijogita
continent,mohadesho
continue,chalie jaoa
contour,rupur rekha
contract,chukti
contradict,birodh kora
contrary,biporit
contribute,obodaan
control,niyontron
convenience,shubidha
convenient,shubdhajanak
convention,convention
conversation,kathopokathan
convert,poriborton kora
convince,bishwash karno
cook,raanna kora
cooker,rannar patro
cookie jar,biscuit jar
cool,thanda
cooperation,shojogita
copper coin,tamer mudra
copy,anukaran
coral,coral
cord,cord
core,kendro
cork,cork
corkscrew,corkscrew
corn soup,vutthar shup
corner,kon
cornfield,vuttar khet
corporation,korpareshon
corridor,corridore
corrupt,durniti
cost,khoroch
costume,costume
cosy,araamjanak
cottage,cottage
cotton candy,cotton candy
couch,couch
cough syrup,kashir oshudh
council,kormishova
counselor,upadestha
count,gonona
counter,kauntar
country house,gramino bari
countryside,shomatolbhumi
county,county
couple,dampatti
courage,shahosh
course,course
court,adalot
courtyard,uthan
cousin,kajan
cover,cover
cow shed,goshala
cowboy,cowboy
cozy,cozy
crab claw,kakrar thaba
crack,crack
cracker,cracker
cradle,dolna
craft,hastoshilpo
craftsman,karigor
crane,crane
crash,dhakka
crawl,haamaguari
crayon,rong er kaathhi
crazy,pagol
cream cheese,cream cheese
create,shrishti
creature,jibojantu
creditor,rinadaata
creek,creek
creep,cholachal
crew,crew
cricket bat,cricket bat
criminal,oporadhi
crisp,crisp
critic,critic
criticism,shomalocona
criticize,shomalochona kora
crocodile skin,kumirer chamra
crop,fashaal
cross,par
crossroad,chauroasta
crow's nest,joros
crowd,bhir
crown,mukut
cruel,nirday
cruise,jolochoron
crumb,tukro
crumple,muchrano
crush,pisano
crust,bahirer onsho
cry,kaanna
crystal,kristal
crystal ball,kristal baal
cub,baachha
cube,ghanok
cucumber,shosaa
cuff,cuff
cuisine,cuisine
culprit,aparadhi
cultivate,chaash
culture,shongskriti
cunning,chatur
cup final,cup final
cupboard,aalmaari
cure,niramoy
curious,koutuholi
curl,curl
currency,mudra
current,current
curriculum,shikshakrom
curry,torkari
curse,ovishap
curtain rail,porda rail
curve,banka
cushion,baalish
custard,custard
custom,ritiniti
customer,khoridar
customs,customs
cut,kata
cutlery,cutlery
cycle,cycle
cyclist,shaikel chalok
cylinder,cylinder
cymbal,kaansor
dairy,dugdhashaala
dam,baandh
damage,khoti
damp,shapsha
dance floor,dance floor
danger,bipod
dangerous,bipodjanok
dangle,jhulte thaka
dare,shahosh kora
dark,ondhokar
darkness,ondhokar
darling,priyo
darn,saalaai dewa
dart,shaartip
dashboard,dashboard
data,tathyo
date,tarikh
daughter-in-law,putrabadhu
dawn,vorvela
day care,shishu porichorja kendro
daydream,dinerdaydream
dead,mrito
deadline,shomoshima
deadly,maratak
deaf,badhir
deal,deal
dear,priyo
debate,bithorko
debris,aabarja
debt,rin
decade,doshok
decay,poche jawa
deceit,protaronaa
deceive,protarona kora
December,December
decide,shiddhanto newa
decision,shiddhanto
deck,deck
declaration,ghoshona
declare,ghoshona kora
decorate,shajano
decoration,shajshojja
decrease,komano
deed,kaaj
deep,gadhir
deer,horin
defeat,porajoy
defect,truti
defend,rakha kora
defense,atmorakha
define,shongga dewa
definitely,nishchoi
definition,shongga
degree,degree
deity,devota
delay,deri
deliberate,sochchhinno
delicate,komal
delicious,shushwadu
delight,anondo
deliver,bitoron
delivery van,bitoron gari
demand,dabi
democracy,gonotontro
demolish,dhongosh kora
demon,daanob
demonstrate,promankorono
den,khop
deny,ashwikarkoron
departure,prosthaan
depend,nirvorkora
deposit,jomakora
depression,obashaad
depth,gabhirjota
descend,nemejawa
describe,bornonakora
desert,maru
deserve,joggo
design,design
designer,designer
desire,ichcha
desk lamp,desk lamp
despair,nirasha
desperate,hatasha
dessert,mishthanna
destroy,dhongoshkora
detail,biboroni
detect,detect
detective,goyenda
determine,sthirkoraw
develop,bikoshkora
devil,shaytan
devote,utshorgokora
dew,shishir
diabetes,boyomeho
diagram,diagram
dial,dial
diamond ring,diamond ring
diaper,nauya-katha
diary,diary
dice,pasha
dictator,dictator
dictionary,avidhaan
die,moraa
diet,khaddoniyontron
difference,parthokya
different,aladaa
difficult,kothin
dig,khonon
digest,hojomkora
digital,digital
dignity,morjadaa
dilemma,duschinta
dim,ostoshto
dine,ratekhawa
dinner plate,dinner plate
dinosaur,dainoshaar
diplomat,kutnitik
direct,shohoj
direction,diknirdeesh
director,porichalok
dirt road,kacha rasta
dirty,moyla
disability,oshamorthyo
disadvantage,oshubidha
disagree,omat
disappear,ontordhankora
disappoint,hotashakora
disapprove,onumodonnakaraa
disaster,durjog
disc,disc
discipline,shrinkhola
disclose,prokaashkaraa
disco,disco
discount,discount
discover,abishkaarkora
discovery,abhishkar
discuss,aalochanakora
disease,rog
disgrace,omorjadaa
disguise,chhadmobesho
disgust,ghrina
dish,thaala
dishonest,oshadhoo
dislike,ochhondo
dismiss,baatilkaraa
disorder,bishrinkhola
display,display
dispute,bibad
distance,durottyo
distant,door
distinct,alaadaa
distinction,parthokyo
distinguish,parthokaya
distract,monojoghatanokaraa
distress,kashto
distribute,bitoronkaraa
district,jela
disturb,biriktakaraa
ditch,naala
dive,joldubari
diver,dubarikarak
divide,bagkora
divine,dibbyo
division,bagkora
divorce,talaak
dizzy,matha ghora
do,karaa
doctor's office,daktar er office
document,dalilpatra
documentary,documentary
dog collar,kukur collar
doll,putul
dollar sign,dollar sign
dolphin show,dolphin show
dome,gumbuj
donate,daankaraa
donkey,gadhaa
donor,daataaa
doom,dhorwonghsho
door handle,dorjarrhandel
doorbell,dorjarghantiaa
dose,matraa
dot,bindu
double,duguni
doubt,shondehow
dough,moyda
dove,payra
down,nichu
download,download
downtown,shohorereelakaay
downwards,nicherdike
dozen,dozen
draft,khoshora
drag,tente niyejawa
dragon,dragon
drain,naala
drama,naatok
drastic,drastic
draw,aankaa
drawer,drawer
drawing,chhobi
dream,shopno
dreary,bishonno
dress up,shaaj pora
dressing gown,gown
drift,bheshe jawa
drill,drill
drink,paan
drip,fota fota pora
drive,drive
driver's license,gari chalono anumotipotro
drizzle,halka bristi
drop,fota
drought,khora
drown,dubejaowa
drug,oshudh
drugstore,oshudher dokan
drum,dhole
drumstick,drumstick
drunk,matal
dry,shushko
dry cleaner,dry cleaner
dry cleaning,dry cleaning
duck pond,haser pukar
dull,nirosh
dumb,boka
dumpling,dumpling
duplicate,duplicate
durable,tikshoi
duration,shomoykal
during,cholakale
dusk,shonddhya
dust,dhulabali
dustbin,dustbin
duty,kartobya
dwarf,baamon
dwell,baash kara
dye,rong kora
dynamite,dynamite
dynasty,rajyobansho
each,protekta
eager,agrahee
eagle eye,eagle chokh
ear plug,kaaner plug
early,aage
earn,uparjon kora
earring,kaner dul
earth,prithibi
earthquake,vumikampa
ease,shohojota
east,purbo
eastern,purba
easy,shohoj
eat out,baaire khawa
echo,protidhwoni
eclipse,grahon
ecology,poribesh bigyan
edge,pranto
edit,shampadan
educate,shikhha dewa
education,shikkha
eel,baain maach
effect,provab
effort,chesta
egg white,dim er shabla
eggplant,begun
either,jekono ekta
elbow,konui
elder,borista
elderly,boyosko
elect,nirbachon
election,nirbachon
electric,boidutik
electrical,boidutik
electricity,bidyut
elegant,shundor
element,upadaan
elementary,prathomic
elephant tusk,hatir daant
elevate,uthano
elevator,lift
eliminate,eliminet
elite,elite
else,onnota
elsewhere,onno kothao
email address,email address
embarrass,lojjito
embassy,dutabas
embrace,alingon
embroidery,shuchi shilpo
emerge,uthia asha
emergency,apatkal
emotion,aabeg
emperor,samrat
emphasis,gurutyo
empire,samrajjo
employ,niyog kora
employee,kormi
employer,maalik
empty,khali
enable,enable
enchant,mohito kora
encounter,mukhomukhi
encourage,utshaho dewa
end,shesh
endanger,bipode dhoka
endless,antarhin
endorse,endorsh
enemy,shotru
energy,shakti
enforce,korano
engage,nijukto
engine,engine
engineer,projukti bidh
enhance,barano
enjoy,upovog
enlarge,boro kore
enormous,bishaal
enough,jotheshto
enquire,jiggasha
enrich,shomridho
ensure,nishchit kora
enter,probesh
enterprise,enterprise
entertain,binodon
enthusiasm,utsaho
entire,shomosto
entrance,probesh dwar
entry,probesh
envelope,khaam
environment,poribesh
envy,irsha
equal,shaman
equation,equation
equator,nirokkhyo
equip,sojjito kora
equipment,shoronjam
equivalent,shamantulyo
erase,muchhe fela
error,vul
erupt,ultapaaltha
escape,palatak
escort,escort
especially,bisheshvabe
essay,rochona
essence,shorbbosho
essential,oporhiharjo
establish,protishtho
estate,estate
estimate,anumaan
ethnic,jatishongho
etiquette,adab
evacuate,khali kora
evaporate,bashpibhubo
eve,purborati
even,shomon
evening star,shondhar tara
event,ghotona
eventually,ontoto
ever,kokhono
every,proti
everyday,proti din
everyone,shobbai
everything,shobbokichhu
everywhere,shobbkothao
evidence,pramaan
evil,khotikark
evolution,evolution
exact,jothajoth
exam,porikkha
examination,porikkha
examine,porikkha
example,udahoron
exceed,otikrom
excel,shrestho
excellent,chomtkar
except,chhara
exception,baetiakrom
excess,otirikto
exchange,binimoy
excite,utshahit
exclude,bad
exclusive,bishesh
excuse,khoma
execute,krianito
executive,nirbahi
exercise book,khata
exhaust,klanto kora
exhibit,prodorshoni
exhibition,prodorshoni
exist,bortoman
exit,bahirgomon
expand,prostharito
expansion,shomprosharon
expect,asha kora
expedition,obhijan
expense,khoroch
expensive,dami
experience,ovigota
experiment,porikha
expert,dakhya
explain,byakha
explanation,byakha
explode,bikhforoto
explore,explor
explosion,bishphoron
export,roptani
expose,prokaash
express,byakto
expression,byakti
extend,barano
extension,extension
extensive,byapok
extent,poriman
exterior,bahirer
external,bahirer
extinct,billupto
extra,otirikto
extraordinary,ashadharon
extreme,choromo
eye contact,chokher jogajog
eye drop,chokher drop
eyebrow,brulata
eyelash,brulata
eyelid,choker pata
eyesight,drista
fable,rupkotha
face cream,mukher cream
face mask,mukher mask
face powder,mukher pauder
face to face,mukhomukhi
facility,shubidha
fact,shotto
factor,karoon
factory worker,karkhana sromik
fade,fika howa
fail,byartha
failure,byarthota
faint,durbol
fair,nyayonugo
fairy,pori
fairy tale,rupkotha
faith,bishwas
faithful,bishwas jogyo
fake,nakol
fall asleep,ghumiye pora
false,mittha
fame,nama
familiar,porichito
family tree,bongsho lattika
famous,bikhato
fan,pankha
fancy,khub shundor
fantasy,kolpona
far away,onek dur
fare,bhara
farewell,bidya
farm house,khamer bari
farmer's market,krishok market
farmland,krishijomi
fascinating,chomaatkar
fashion,fashion
fast food,fast food
fasten,atthan
fat,mota
fatal,marattok
father-in-law,shoshur
fatigue,klanty
fault,dosh
favor,anukul
favorite,priyattom
fear,voey
fearless,abhoy
feast,bhoj
feather duster,pakhir patla jharu
feature,boishisto
February,Fabruary
federal,federal
fee,fee
feed,khawano
feedback,matamato
feel,anuvob kora
feeling,anuvuti
fell,patit howa
fellow,songi
female,stri
fence,bera
ferry,ferry
fertile,urbar
fertilizer,shar
festival,uthshob
fetch,niye asha
fever,jor
few,olpo kichu
fiber,aansh
fiction,kolpokahini
fiddle,bela
field trip,field trip
fierce,ugro
fifteen,ponero
fifth,ponchom
fifty,ponchash
fight,larai
figure,onko
file cabinet,file cabinet
fill,puron kora
film star,film star
filter,filter
final,chudanto
finance,finance
financial,artho sonkranto
find,khuje pawa
fine,kashto
finger,angul
fingertip,angul aga
finish,shesh
fire alarm,agni sanket
fire escape,fire escape
fire station,fire station
fireball,agnikundo
firefly,jonaki
fireman,agni nirbapok
fireplace,fireplace
fireproof,agnishoho
firework,aatashbaji
firm,drido
first,prothhom
first aid kit,first aid kit
fish bowl,machher bowl
fish hook,barshi
fish market,macher bajar
fish tank,machherbakso
fisherman,jele
fishing,machh dhora
fishing net,jaal
fishy,machher moto
fist,musti
fit,fit
fitness,suastha
fix,thik kora
flag,pataka
flake,flake
flame,shikha
flammable,daho joggyo
flannel,flannel
flap,flap
flash,flash
flashlight,torch
flat,flat
flat tire,flat tire
technology,projukti
computer,komphutar
internet,internet
mobile,mobile
software,software
digital,dijital
keyboard,kibord
screen,iskrin
camera,kamera
photograph,chobikham
video,vidiyo
message,baarta
email,email
website,websaite
online,online
download,download
upload,upload
password,paasword
username,username
account,akount
profile,profail
search,talaash
link,lingko
browser,braujaar
server,saarvar
network,networko
wireless,wayarleso
signal,signaal
battery,byaatari
charger,charjaar
microphone,mikrophone
speaker,spikar
headphone,hedphone
mouse,maaus
printer,printer
monitor,monitor
laptop,lyaaptap
tablet,tyablet
smartphone,smaartphone
application,aplikeshon
program,program
update,aapdet
install,instal
delete,muche
save,save
file,fail
folder,foldar
document,dokument
image,imej
audio,odio
music,sangit
song,song
playlist,pleylist
album,albam
artist,shilpi
movie,sinema
television,telebhison
channel,channel
radio,redio
news,khobor
information,tathya
knowledge,gyan
learn,shikhya
teach,shikao
study,adhyayan
research,gobesona
science,biggan
mathematics,ganit
physics,phoysik
chemistry,kemistri
biology,jibobidya
geography,bhugol
history,itihas
literature,sahitya
language,bhasha
grammar,byakaron
vocabulary,shabdabhandar
sentence,bakya
paragraph,anucched
essay,nibandha
article,artikolo
book,boye
magazine,patrika
newspaper,khabarkakoj
journal,jarnaal
library,granthagar
museum,jadughar
gallery,galari
theater,thieyatar
cinema,sinema
concert,konsart
festival,utsob
celebration,utjapan
holiday,chhuti
vacation,bhraman
travel,safar
journey,jatra
destination,gantobyo
map,manochitro
compass,dishanirnayak
guide,parichayok
tour,bhroman
hotel,hotel
resort,risorto
beach,samudratot
mountain,pahar
forest,aranyyo
river,nodi
lake,hrad
ocean,sagor
island,dwip
desert,marubhumi
climate,jolobayyu
weather,abohaoya
temperature,tapomatra
wind,batash
rain,brishti
snow,tusharpat
ice,borof
storm,jhor
thunder,bajro
lightning,bijli
rainbow,ramdhonu
cloud,megho
fog,kuasha
smoke,dhuyan
fire,aguni
water,jol
earth,prithivi
air,batash
energy,shakti
light,alo
dark,andhakar
color,rong
shape,akriti
size,akar
weight,bhar
height,uchata
length,lambai
width,prostho
depth,gabhirata
distance,durattwo
direction,disha
position,obosthan
location,jaiga
time,samay
moment,muhurto
second,sekend
minute,minit
hour,ghonta
day,din
night,rat
morning,sakal
afternoon,dupur
evening,sandhya
today,ajke
tomorrow,gamikal
yesterday,gotkal
week,saptah
month,mas
year,bachhor
century,shatabdi
calendar,panjika
date,tarikh
schedule,suchi
appointment,nirdharito samay
meeting,sabha
conference,sammelan
seminar,alochona sabha
workshop,karmashala
course,course
training,prashikhan
education,shiksha
school,bidyalay
college,college
university,bishwabidyalay
student,chatro
teacher,shikhak
professor,adhyapak
principal,pradhan shikhak
scientist,bigyani
engineer,abhiyanta
doctor,chikitsak
nurse,paricharyika
lawyer,ainjibi
judge,bicharok
police,pulish
firefighter,agnishshomok
soldier,sainik
officer,adhikari
manager,byabosthapak
clerk,karani
secretary,sachib
driver,chalok
pilot,biman chalok
sailor,nabik
farmer,chashi
gardener,mali
chef,rannabid
waiter,paribeshak
cashier,keshiar
salesperson,bikreta
customer,grahok
client,client
audience,darshak
patient,rogi
guest,atithi
host,atitheyota
friend,bondhu
enemy,shatru
neighbor,pratibeshi
acquaintance,parichito
stranger,aparichito
person,byakti
people,manush
family,paribar
parent,pita-mata
child,santana
baby,shishu
infant,nabajatok
toddler,abujh shishu
youth,yubok
adult,prajnabayaska
elderly,briddha
senior,uttir
junior,kanistha
male,purush
female,nari
gender,linga
marriage,bibaha
wedding,bibaha anusthan
divorce,bibaha bicched
relationship,samparka
love,prem
hate,ghrinna
jealousy,irshaaa
joy,ananda
sorrow,dukha
happiness,sukh
sadness,bishad
anger,rag
fear,bhoy
courage,sahash
shame,lajja
pride,garbo
hope,asha
faith,bishwash
belief,dharona
doubt,sandeha
trust,aastha
honesty,satata
honor,samman
respect,shraddha
dignity,maryada
value,mulya
virtue,sadgun
vice,durgun
good,bhalo
bad,kharap
right,thik
wrong,bhul
truth,satya
lie,mithya
fact,tathya
fiction,kalpakahini
imagination,kalpana
creativity,srijansheelta
idea,dharona
thought,chinta
memory,smriti
dream,swapna
goal,lakshya
plan,parikalpana
strategy,kaushal
method,paddhati
process,prakriya
system,byabostha
structure,kathamo
framework,dhanca
theory,tattwa
practice,abhyas
experiment,parikhha
test,parikhha
result,phalaphol
solution,samadhan
problem,samasya
challenge,challange
success,saphaltya
failure,byarthhata
achievement,krititwa
reward,puroskar
punishment,shasti
victory,bijoy
defeat,parajoy
competition,pratijogita
contest,pratidwandwita
race,daurr
game,khela
sport,khela
team,dal
player,kheloyar
coach,prashikhak
referee,madhyastha
champion,bijeta
winner,bijayi
loser,parajito
score,anko
rule,niyam
law,ain
constitution,sanbidhaan
government,sorkar
politics,rajniti
democracy,ganatantra
election,nirbachan
vote,bhot
candidate,praarthi
leader,neta
follower,anugami
citizen,nagarik
nation,jati
country,desh
state,rajya
city,shahar
town,shahar
village,gram
community,samaj
society,samaj
culture,sanskriti
tradition,pratha
custom,riti
ritual,anusthan
ceremony,utshob
religion,dharma
belief,bishwash
faith,asha
prayer,prarthana
worship,upasana
temple,mandir
church,girja
mosque,masjid
god,ishwar
goddess,debi
spirit,atma
soul,atma
life,jiban
death,mrityu
birth,janma
growth,briddhi
development,unnati
evolution,bibartana
revolution,biplab
progress,pragati
change,paribartan
creation,sristi
destruction,dhangsha
nature,prakriti
environment,paribesh
planet,graha
star,tara
space,mahakash
universe,biswa
animal,pashu
mammal,stanyapaayi
bird,pakhi
fish,maachh
insect,patanga
reptile,sarisrip
amphibian,ubhochor
plant,udbhid
tree,gachh
flower,phul
fruit,phal
vegetable,shak-sabji
crop,fasol
seed,bij
root,mul
stem,kando
leaf,pata
branch,shakha
food,khabar
meal,ahar
breakfast,pratar ahar
lunch,madhyahna bhojan
dinner,ratriv bhojan
snack,jalkhaabar
drink,paniya
water,jal
juice,rash
milk,dugdha
tea,cha
coffee,kaaphi
alcohol,madhya
wine,madira
beer,biyar
cocktail,kaktelo
ingredient,upadan
recipe,randhanpranali
taste,swad
flavor,swad
sweet,misti
sour,tak
bitter,tito
spicy,jhal
salt,laban
sugar,chini
spice,masala
herb,jaribooti
meat,mangsho
beef,gorur mangsho
pork,shuorer mangsho
chicken,murgi
fish,maachh
egg,dim
dairy,dugdha-jaat
cheese,panir
butter,makhan
oil,tel
rice,bhat
wheat,gom
corn,bhutta
bread,ruti
pasta,pasta
dessert,mishti
cake,kek
cookie,biskut
candy,mishti
ice cream,aiskrim
chocolate,chokalet
diet,pathyo
nutrition,pushti
vitamin,bhitamin
mineral,khanij
protein,proten
carbohydrate,karbohaydrate
fat,charbhi
calorie,kalori
health,swastha
illness,asusthataa
disease,rog
symptom,lakshan
diagnosis,rog nirupan
treatment,chikitsa
medicine,oshudh
drug,oushadh
surgery,shalyachikitsa
therapy,chikitsa
doctor,chikitsak
hospital,haspataal
clinic,chikitsaloy
pharmacy,oushadhaloy
emergency,jorurii
injury,aghaat
pain,bedana
ache,byatha
wound,khata
scar,dag
bruise,dag
bone,haddi
muscle,peshi
blood,rakta
heart,hriday
lung,phusphus
brain,mastishka
stomach,pet
liver,jakrit
kidney,vrikka
skin,twak
hair,chul
nail,nakh
eye,chokh
ear,kaan
nose,naak
mouth,mukh
tongue,jibha
teeth,daat
face,mukh
head,matha
neck,gala
shoulder,kandha
arm,bahu
elbow,kuni
wrist,kabjaa
hand,haath
finger,angul
thumb,buro angul
leg,paa
knee,haantu
ankle,goraali
foot,paa
toe,angul
body,shoreer
cloth,kaapor
clothing,poshak
dress,poshak
shirt,shirt
t-shirt,ti-shirt
blouse,blauj
sweater,swetar
jacket,jaket
coat,kot
suit,sut
pants,pant
jeans,jinsa
skirt,skart
shorts,shorts
underwear,antarvash
sock,moja
shoe,juta
boot,but
sandal,sandal
slipper,chappal
hat,tupi
cap,tupi
glove,dastana
scarf,orna
tie,tai
belt,beltu
button,botam
zipper,jipar
pocket,pokat
wallet,purse
purse,purse
backpack,pith-beg
briefcase,brifkes
luggage,malpatr
jewelry,alonkar
ring,angti
necklace,hara
bracelet,bala
earring,dul
watch,ghori
clock,ghori
alarm,alarm
calendar,panjika
pen,kalam
pencil,pensil
eraser,rabor
marker,marker
crayon,krayon
scissors,kainchi
tape,tep
glue,aalaa
stapler,stapler
paper,kagaj
card,kard
letter,chithi
envelope,khaam
stamp,stamp
postcard,postakard
gift,upahar
toy,khelona
ball,bal
doll,putul
puzzle,dhada
game,khel
dice,pasha
chess,daba
card,taash
board,bord
sports,khela
football,futbol
soccer,sokar
basketball,basketbal
volleyball,balibal
tennis,tennis
golf,golf
hockey,haki
boxing,bakshim
wrestling,kushti
swimming,santaran
diving,daibhing
sailing,naukachalna
fishing,machh-dharaa
hunting,shikar
camping,kemping
hiking,haiking
skiing,skiing
skating,skating
cycling,saikalchalna
racing,dorr
dancing,nritya
singing,gaan
painting,chitrank
drawing,aankaa
writing,lekha
reading,pora
cooking,rannakara
sewing,selai
knitting,bunana
gardening,baganbari
shopping,kena-kata
cleaning,parishkar
washing,dhoya
ironing,istrikara
cooking,randhan
baking,senka
brewing,uttapanam
building,nirman
repairing,maramat
designing,abhinabkaran
crafting,hastashilpa
cutting,katan
folding,bhaj
tying,bandhan
mixing,mishrano
measuring,mapano
counting,ganana
calculating,ganana
speaking,balavadru
listening,shravana
watching,dekha
touching,sparsh
smelling,ghran
tasting,swad
feeling,anubhuti
moving,chalaa
walking,hata
running,douran
jumping,lamphan
climbing,arohan
swimming,santaran
flying,uran
crawling,hawaguripana
kneeling,hatugariyabasa
standing,daranowa
sitting,basahaowa
lying,shayan
sleeping,ghum
waking,jagano
breathing,shwasprashwas
eating,khawa
drinking,panakara
biting,kamran
chewing,chibano
swallowing,gilhan
laughing,hasa
crying,kanna
smiling,hasiutha
frowning,bhrukunach
shouting,chillano
whispering,phisphisano
singing,gaoya
dancing,nritya
jumping,lamphan
clapping,talikarna
waving,hatnarano
pointing,angulnirdesho
touching,sparshkara
holding,dharankara
grabbing,pakarano
pushing,thela
pulling,tana
lifting,tulna
dropping,phelona
throwing,chhoran
catching,dharha
hitting,ghaat
kicking,lathimara
punching,ghushimara
shooting,goliakalapa
fighting,larai
defending,rakhakara
attacking,akraman
hiding,lukano
seeking,khonja
calling,daka
texting,text
emailing,email
chatting,alap
meeting,dekha
visiting,pravash
traveling,bhraman
driving,chalano
flying,uran
swimming,santaran
diving,daib
sailing,naukachalan
cruising,jalvihar
rowing,daanrchalana
paddling,pallanaua
drifting,bhasano
floating,bhasano
sinking,dubha
drowning,dubano
landing,avataran
taking off,uthaajaawa
accelerating,twaranabritt
braking,thaman
stopping,thamm
pausing,biramudeon
continuing,chalayejawa
starting,suru
ending,samapti
completing,samapnakara
beginning,arambhkara
finishing,sheshkara
doing,karna
making,banano
creating,srijankara
destroying,dhangsa
breaking,bhanga
fixing,maramat
building,nirmankara
constructing,todirkarna
repairing,sadanokara
maintaining,rakshanshabekshanakara
organizing,bibasthapan
cleaning,parisrista
washing,dhowkara
drying,sukano
dusting,jharkara
sweeping,jharkara
mopping,phamuchara
scrubbing,ghashankara
polishing,pariskarkara
painting,rangkara
drawing,anchankara
sketching,eskaicon
coloring,rangkara
highlighting,mukhyansho
underlining,rekhankit
typing,taip
writing,lekha
printing,chappakara
scanning,eskyan
copying,nakalakara
pasting,aahtakara
recording,rekarakara
playing,khela
performing,pradarshan
practicing,abhyaas
rehearsing,mahsara
observing,paryabekshan
analyzing,bishleshan
researching,gabeshana
studying,adhyan
learning,shikshan
teaching,shikhan
testing,parikshan
examining,parikshan
checking,parikha
approving,anumada
disapproving,aninishkar
agreeing,sammati
disagreeing,asmamatijan
promising,pramisan
apologizing,kshamachaan
requesting,anurodhan
demanding,chaoykara
commanding,aadesha
inviting,aamantran
welcoming,swagat
greeting,abhyarthana
thanking,dhanyabaad
praising,prshangsit
criticizing,samalochana
blaming,doshkara
complaining,abijogkara
forgiving,kshama
forgetting,bhulibjaoya
remembering,amlauprakaran
thinking,chintakara
believing,bishwash
doubting,sandeho
hoping,asha
fearing,bhay
loving,premaakara
hating,ghrinnakara
wishing,ecchakara
dreaming,swapnakara
imagining,kalpana
planning,parikalpana
deciding,siddhantoneon
choosing,bachchai
allowing,anumati
forbidding,nishiddhahala
permitting,anumatijayon
denying,aswikar
accepting,sweekara
rejecting,pratakshepa
receiving,prapti
giving,pdreyojona
sharing,bhagkara
taking,neon
sending,paathano
delivering,bitarankara
paying,adaykara
buying,ketakate
selling,bikritakara
trading,banijyakarakari
exchanging,binamaya
lending,dhardeon
borrowing,dhaarkarakaran
betting,batekara
winning,jitante
losing,haara
saving,sanchoy
spending,binkara
wasting,apachay
collecting,sangrahakarakaran
gathering,ekattritakaran
scattering,chitiye
spreading,chhatranakara
growing,barakara
shrinking,sankuchit
expanding,prassaritkara
contracting,sankuchit
increasing,briddhikaran
decreasing,hraskaaran
rising,utthan
falling,patana
lifting,uttolana
lowering,namano
turning,ghurhan
rotating,ghurano
spinning,ghurghuri
swinging,dulana
sliding,phiskanokarana
rolling,gallano
stretching,prasarita
bending,bakra
folding,vajana
twisting,mockkarano
shaking,kampana
trembling,kanpano
vibrating,kampana
waving,tarangopama
nodding,mathanarano
opening,khulikara
closing,bandhakara
locking,talalagno
unlocking,talakarikara
binding,bandhanakara
untying,khulikara
fastening,aatakakara
unfastening,khulikara
wrapping,jipatkara
unwrapping,khulikara
covering,akkhadankara
uncovering,khulikara
filling,puronakara
emptying,khali
loading,bharajakara
unloading,khalikara
installing,sthaponakara
uninstalling,khulikara
building,nirmankara
demolishing,dhangsakara
constructing,nirmankara
destroying,dhangsakara
creating,srishti
deleting,muccheaphela
saving,sangrakshan
loading,lotkara
uploading,apladetakara
downloading,daunalota
connecting,jotakara
disconnecting,bichcchinnakara
linking,lingkakara
unlinking,alinkakara
joining,jugmakara
separating,prithakakara
attaching,samyuktakara
detaching,bitchinakaran
He is working.,Bo kamijak ong.
She is dancing.,Bo mulungma ong.
I am reading.,Ang poraima ong.
What is your name?,Nini bwsai mung?
My name is Bikash.,Ani mung Bikash.
He is not working.,Bo kamijak ya.
Why are you sad?,Bobo nwng dukma ong?
How are you?,Nwng bahai ong?
Please help me.,Angno sahaima hum.
Can you speak Kokborok?,Nwng Kokborok rwchap ham?
I am not sleeping.,Ang mwtaima ya.
She is going up the hill.,Bo hathai bwkha thangma ong.
He is coming down the stairs.,Bo singdur bwkhasa phiyok ong.
What are you doing?,Nwng bobo kwrwima ong?
I am cooking.,Ang chekma ong.
Is she working?,Bo kamijak ong do?
They are not here.,Bwrwi bwini ya.
How is your family?,Nini nokhorbaro bahai ong?
Please sit down.,Achuk hum.
He can swim.,Bo twima paro.
I cannot speak Kokborok well.,Ang Kokborok rwchap kwbango paro ya.
She is eating.,Bo chama ong.
What time is it?,Somoi bobo?
Can you help me?,Nwng angno sahaima paro do?
I am going to the market.,Ang bazaro thangma ong.
He is not feeling well.,Bo kwbango malaiwa.
Why is she crying?,Bo bobo kwrwidi kadima ong?
How old are you?,Nini bochchor bobo?
Please wait here.,Bwini nangyak hum.
What are they doing?,Bwrwi bobo kwrwima ong?
I am happy.,Ang khuswi ong.
She is teaching.,Bo poraima ong.
He is not listening.,Bo khnama ya.
Your name is beautiful.,Nini mung bugwi.
Is he coming today?,Bo diniwi phiyok ong do?
They are working together.,Bwrwi kharing kamijak ong.
How far is the village?,Nok bobo tal?
Please come in.,Bwsakha hum.
What is this?,Bi bobo?
I am tired.,Ang haima ong.
She is not at home.,Bo nokha ya.
Why are you late?,Nwng bobo kwrwidi dera ong?
He is writing a letter.,Bo chiti swima ong.
Can you sing?,Nwng rwma paro do?
I am waiting for him.,Ang boni tagwi nangyak ong.
The food is ready.,Hakchak twiyar ong.
She is coming up now.,Bo daniwi bwkha phiyok ong.
He is going down the river.,Bo chimani khumo thangma ong.
What is your father's name?,Nini buphani mung bobo?
I am not ready yet.,Ang aboni twiyar ya.
How much is this?,Bini dam bobo?
Please speak slowly.,Manthi rwchap hum.
They are studying.,Bwrwi poraima ong.
She can dance well.,Bo kwbango mulungma paro.
I am looking for my keys.,Ang ani chabi naima ong.
He is not angry.,Bo hakchak ya.
Why are you smiling?,Nwng bobo kwrwidi moloma ong?
How did you learn Kokborok?,Nwng bahai Kokborok hikhya?
Please take this.,Bini lama hum.
What are we doing tomorrow?,Bwrwi gaba bobo kwrwima ong?
I am living in Tripura.,Ang Tripurao thangma ong.
She is wearing a new dress.,Bo nwtwi rog chima ong.
He is not from here.,Bo bwni ya.
Your sister's name is Maloti.,Nini bwsani mung Maloti.
Is the water clean?,Twi phang do?
They are not listening to me.,Bwrwi ang khnama ya.
How do you say this in Kokborok?,Bini Kokboroko bahai rwchap?
Please close the door.,Duwar phatek hum.
What did he say?,Bo bobo rwchapkha?
I am learning Kokborok.,Ang Kokborok hikhma ong.
She is not eating meat.,Bo mwchang chama ya.
Why are the children crying?,Khoroksa bobo kwrwidi kadima ong?
He is coming from school.,Bo iskulo phiyok ong.
Can you read this?,Nwng bini poraimu paro do?
I am not feeling well today.,Ang diniwi kwbango malaiwa.
The sun is up.,Sal bwkha ong.
She is going down to the river.,Bo chimani khumo thangma ong.
What is in the bag?,Bagwi bobo ong?
I am twenty years old.,Ang khol bochchor ong.
He is not sleeping yet.,Bo aboni mwtaima ya.
Why are you here?,Nwng bobo kwrwidi bwini ong?
How did you arrive?,Nwng bahai phaiyakha?
Please don't go.,Thangya hum.
What are these fruits called?,Bi bithi bobo mungma?
I am washing clothes.,Ang risa silaima ong.
She is watching TV.,Bo TV naima ong.
He is not working today.,Bo diniwi kamijak ya.
My mother's name is Jamuna.,Ani mamaini mung Jamuna.
Is the door open?,Duwar phangkha do?
They are coming tomorrow.,Bwrwi gaba phiyok ong.
How can I learn Kokborok?,Ang bahai Kokborok hikhma paro?
Please tell me your name.,Nini mung rwchap hum.
What is the weather like?,Barsa bahai ong?
I am selling vegetables.,Ang hathai pechama ong.
She is not happy with me.,Bo angno khuswi ya.
Why are you worried?,Nwng bobo kwrwidi chintama ong?
He is listening to music.,Bo musika khnama ong.
Can you come tomorrow?,Nwng gaba phiyok paro do?
I am not going outside.,Ang bwrwi thangma ya.
The bird is flying up high.,Twkhwi talwi dwoima ong.
She is climbing down the tree.,Bo bwphangni bwkhasa phiyok ong.
What is the name of this village?,Bi nokhaini mung bobo?
I am a teacher.,Ang master ong.
He is not my brother.,Bo ani bwsa ya.
Why are you eating so fast?,Nwng bobo kwrwidi chamungwi chama ong?
How do I get to the market?,Ang bahai bazaro thangma paro?
Please sit here.,Bwini achuk hum.
What are they saying?,Bwrwi bobo rwchap ong?
I am going to sleep.,Ang mwtaima thangma ong.
She is not working here.,Bo bwini kamijak ya.
My father's name is Rajib.,Ani buphani mung Rajib.
Is the food good?,Hakchak kwbang do?
They are not ready yet.,Bwrwi aboni twiyar ya.
How many people are there?,Bwini bobo tei mani?
Please wait a moment.,Mante nangyak hum.
What time do you wake up?,Nwng bobo somoyo bwsakha?
I am listening to you.,Ang nwngno khnama ong.
She is not speaking.,Bo rwchap ya.
Why are you laughing?,Nwng bobo kwrwidi monma ong?
He is working in the field.,Bo khuma kamijak ong.
Can you swim in this river?,Nwng bi chimao twima paro do?
I am not understanding.,Ang buima ya.
The moon is up in the sky.,Tal akaso bwkha ong.
She is walking down the road.,Bo lambani khumo thangma ong.
What are you thinking about?,Nwng bobo chintama ong?
I am from Agartala.,Ang Agartalani.
He is not eating rice.,Bo mai chama ya.
Why are you running?,Nwng bobo kwrwidi khuluima ong?
How did you make this?,Nwng bahai bini slaima?
Please give me water.,Angno twi hum.
What language do you speak?,Nwng bobo thum rwchap?
I am working hard.,Ang koktoi kamijak ong.
She is not coming today.,Bo diniwi phiyok ya.
The cat is up on the roof.,Mousa nokni bwkha ong.
He is going down the mountain.,Bo hathaini bwkhasa thangma ong.
What is your brother's name?,Nini bwsani mung bobo?
I am not hungry.,Ang wiwi ya.
How old is your child?,Nini khoroksa bobo bochchor?
Please be quiet.,Thwgwi tong hum.
They are singing a song.,Bwrwi rwma rwma ong.
She can cook well.,Bo kwbango chekma paro.
I am reading a book.,Ang boi poraima ong.
He is not feeling happy.,Bo khuswi malaiwa.
Why are you so quiet?,Nwng bobo kwrwidi thwgwi tong?
How is the food?,Hakchak bahai ong?
Please open the window.,Janela phangkha hum.
What are you looking at?,Nwng bobo naima ong?
I am writing a letter.,Ang chiti swima ong.
She is not angry with you.,Bo nwngno hakchak ya.
My dog's name is Tommy.,Ani suini mung Tommy.
Is the book interesting?,Boi kwbang do?
They are not coming today.,Bwrwi diniwi phiyok ya.
How do you go to work?,Nwng bahai kamino thangma?
Please don't forget.,Paharya hum.
What is your favorite food?,Nini bobo hakchak kwbang?
I am drinking water.,Ang twi unga ong.
She is not talking to me.,Bo angno rwchap ya.
Why are the birds singing?,Twkhwi bobo kwrwidi rwma ong?
He is walking to school.,Bo iskulo thangma ong.
Can you dance?,Nwng mulungma paro do?
I am not going there.,Ang bukhukno thangma ya.
The sun is going down.,Sal bwkhasa thangma ong.
She is coming up the stairs.,Bo singdur bwkha phiyok ong.
What is this place called?,Bi jaga bobo mungma?
I am feeling cold.,Ang nwngma malai ong.
He is not my friend.,Bo ani urumung ya.
Why are you standing here?,Nwng bobo kwrwidi bwini tengma ong?
How do you make this dish?,Nwng bahai bi hakchak slaima?
Please come again.,Wanwi phiyok hum.
What are they cooking?,Bwrwi bobo chekma ong?
I am going to work.,Ang kamino thangma ong.
She is not sleeping yet.,Bo aboni mwtaima ya.
The cat is coming down.,Mousa bwkhasa phiyok ong.
His name is Debbarma.,Boni mung Debbarma.
Is the light on?,Phorang tama do?
They are not working properly.,Bwrwi kwbango kamijak ya.
How much does this cost?,Bini dam bobo?
Please speak louder.,Kwrwng rwchap hum.
What is her name?,Boni mung bobo?
I am planting rice.,Ang mai tuima ong.
She is not at the market.,Bo bazaro ya.
Why are you cleaning now?,Nwng bobo kwrwidi daniwi phangma ong?
He is sitting under the tree.,Bo bwphangni khumo achukma ong.
Can you write in Kokborok?,Nwng Kokboroko swima paro do?
I am not drinking tea.,Ang cha unga ya.
The stars are up in the sky.,Twkhwi akaso bwkha ong.
She is going down to the field.,Bo khumani khumo thangma ong.
What day is today?,Diniwi bobo salo?
I am playing football.,Ang football chelma ong.
He is not talking much.,Bo kwbango rwchap ya.
Why are you wearing that?,Nwng bobo kwrwidi bini chima ong?
How many languages do you know?,Nwng bobo thum mani?
Please call me later.,Angno yari hwn hum.
What are you cooking today?,Nwng diniwi bobo chekma ong?
I am waiting for the bus.,Ang busni tagwi nangyak ong.
She is not working hard.,Bo koktoi kamijak ya.
My village's name is Khumulwng.,Ani nokhaini mung Khumulwng.
Is the market far?,Bazar talwi do?
They are not here today.,Bwrwi diniwi bwini ya.
How can I help you?,Ang bahai nwngno sahaima paro?
Please don't be late.,Dera ma hum.
What is this tree called?,Bi bwphang bobo mungma?
I am collecting firewood.,Ang bwlai khorokma ong.
She is not going to school.,Bo iskulo thangma ya.
Why are you sitting here?,Nwng bobo kwrwidi bwini achukma ong?
He is coming from the farm.,Bo khumani phiyok ong.
Can you lift this?,Nwng bini tonglai paro do?
I am not asking you.,Ang nwngno swima ya.
The bird is flying down.,Twkhwi bwkhasa dwoima ong.
She is climbing up the hill.,Bo hathai bwkha tongma ong.
What is your mother's name?,Nini mamaini mung bobo?
I am eating rice.,Ang mai chama ong.
He is not looking at me.,Bo angno naima ya.
Why are you so happy?,Nwng bobo kwrwidi khuswi ong?
How do you say "thank you" in Kokborok?,Nwng "thank you" Kokboroko bahai rwchap?
Please come early.,Agwi phiyok hum.
What are they building?,Bwrwi bobo slaima ong?
I am feeling sick.,Ang nangphung malai ong.
She is not teaching today.,Bo diniwi poraima ya.
The price is going up.,Dam bwkha thangma ong.
He is looking down at the river.,Bo chimani khumo naima ong.
Is your name Bijoy?,Nini mung Bijoy do?
They are not eating now.,Bwrwi daniwi chama ya.
How did you get here?,Nwng bahai bwini phaiyakha?
Please tell me the truth.,Angno tei rwchap hum.
What is the name of that mountain?,Wa hathaini mung bobo?
I am calling my friend.,Ang ani urumungno hwn ong.
She is not writing the letter.,Bo chiti swima ya.
Why are you afraid?,Nwng bobo kwrwidi khwlaima ong?
He is walking down the hill.,Bo hathaini bwkhasa thangma ong.
Can you count to ten?,Nwng chi bwrwi hwn paro do?
I am not coming tomorrow.,Ang gaba phiyok ya.
The water is going down.,Twi bwkhasa thangma ong.
She is climbing up the ladder.,Bo mwder bwkha tongma ong.
What is inside this box?,Bi bakswi bobo ong?
I am cutting vegetables.,Ang hathai pechama ong.
He is not running fast.,Bo chamungwi khuluima ya.
Why are you so thin?,Nwng bobo kwrwidi harwima ong?
How many children do you have?,Nini bobo khoroksa mani?
Please do not disturb.,Kwchangwa hum.
What are these called in Kokborok?,Bini Kokboroko bobo mungma?
I am staying at home.,Ang nokha tongma ong.
She is not going outside.,Bo bwrwi thangma ya.
The river is flowing down.,Chima bwkhasa thangma ong.
His name is not Mohan.,Boni mung Mohan ya.
Is the school far?,Iskul talwi do?
They are not speaking Kokborok.,Bwrwi Kokborok rwchap ya.
How do you cook this dish?,Nwng bahai bi hakchak chekma?
Please wash your hands.,Nini yakung silaima hum.
What is your phone number?,Nini phone number bobo?
I am visiting my relatives.,Ang ani khoroksano naima ong.
She is not coming with us.,Bo bwrwino phiyok ya.
Why are you wearing a hat?,Nwng bobo kwrwidi tupi chima ong?
He is standing up now.,Bo daniwi bwkha tengma ong.
Can you read this book?,Nwng bi boi poraimu paro do?
I am not going to the market.,Ang bazaro thangma ya.
The leaves are falling down.,Bilai bwkhasa thangma ong.
She is going up to the roof.,Bo nokni bwkha thangma ong.
What is your sister doing?,Nini bwsa bobo kwrwima ong?
I am building a house.,Ang nok slaima ong.
He is not telling the truth.,Bo tei rwchap ya.
Why are you shouting?,Nwng bobo kwrwidi grama ong?
How do you grow rice?,Nwng bahai mai swima?
Please close your eyes.,Nini mokot phatek hum.
What are you selling?,Nwng bobo pechama ong?
I am cleaning the house.,Ang nok phangma ong.
She is not looking well.,Bo kwbango malaiwa.
The prices are going up.,Dam bwkha thangma ong.
His name is very common.,Boni mung kwbango tei.
Is the water cold?,Twi nwngma do?
They are not working today.,Bwrwi diniwi kamijak ya.
How many brothers do you have?,Nini bobo bwsa mani?
Please pass the salt.,Nun pechak hum.
What is this animal called?,Bi mwchang bobo mungma?
I am wearing new clothes.,Ang nwtwi risa chima ong.
She is not speaking English.,Bo English rwchap ya.
Why are you wearing glasses?,Nwng bobo kwrwidi chosma chima ong?
He is walking up the stairs.,Bo singdur bwkha thangma ong.
Can you cook rice?,Nwng mai chekma paro do?
I am not going to school.,Ang iskulo thangma ya.
The moon is coming up.,Tal bwkha phiyok ong.
She is going down to the village.,Bo nokhaini khumo thangma ong.
What is the name of your school?,Nini iskulni mung bobo?
I am sitting on the chair.,Ang kwdalwi achukma ong.
He is not my father.,Bo ani bupha ya.
Why are you crying?,Nwng bobo kwrwidi kadima ong?
How do you make this curry?,Nwng bahai bi tangru slaima?
Please drink some water.,Mwnte twi ung hum.
What are your hobbies?,Nini hobbies bobo?
I am walking home.,Ang nokha thangma ong.
She is not cooking today.,Bo diniwi chekma ya.
The water level is going down.,Twi bwkhasa thangma ong.
Her name is very beautiful.,Boni mung kwbango bugwi.
Is the shop open?,Dokan phangkha do?
They are not listening to music.,Bwrwi musika khnama ya.
How do I say "hello" in Kokborok?,Ang "hello" Kokboroko bahai rwchap?
Please come on time.,Somoyo phiyok hum.
What is that noise?,Wa bobo sade?
I am teaching children.,Ang khoroksano poraima ong.
She is not waiting for me.,Bo angni tagwi nangyak ya.
Why are you looking at me?,Nwng bobo kwrwidi angno naima ong?
He is going up the mountain.,Bo hathai bwkha thangma ong.
Can you speak English?,Nwng English rwchap paro do?
I am not cleaning now.,Ang daniwi phangma ya.
The sun is high up in the sky.,Sal akaso talwi bwkha ong.
She is coming down from the tree.,Bo bwphangni bwkhasa phiyok ong.
What is this made of?,Bi bobo kwrwidi slaima?
I am talking to my friend.,Ang ani urumungno rwchap ong.
He is not playing today.,Bo diniwi chelma ya.
Why are you so early?,Nwng bobo kwrwidi agwi ong?
How do you make this bread?,Nwng bahai bi ruti slaima?
Please bring some water.,Mwnte twi pechak hum.
What are they studying?,Bwrwi bobo poraima ong?
I am cooking rice.,Ang mai chekma ong.
She is not feeling well today.,Bo diniwi kwbango malaiwa.
The price is going down.,Dam bwkhasa thangma ong.
His name is written here.,Boni mung bwini swima ong.
Are you coming to the party?,Nwng partio phiyok ong do?
They are not singing now.,Bwrwi daniwi rwma ya.
How much rice do you need?,Nwng bobo mai nangyak?
Please stand up.,Bwkha teng hum.
What is your dog's name?,Nini suini mung bobo?
I am working in the garden.,Ang baganao kamijak ong.
She is not looking at you.,Bo nwngno naima ya.
Why are you so angry?,Nwng bobo kwrwidi hakchak ong?
He is climbing down the mountain.,Bo hathaini bwkhasa tongma ong.
Can you see the stars?,Nwng twkhwi naima paro do?
I am not eating fish.,Ang ha chama ya.
The water is coming up.,Twi bwkha phiyok ong.
She is going down to the market.,Bo bazarni khumo thangma ong.
What time will you come?,Nwng bobo somoyo phiyok?
I am feeling happy today.,Ang diniwi khuswi malai ong.
He is not taking medicine.,Bo dawai laima ya.
Why are you so late?,Nwng bobo kwrwidi dera ong?
How do you travel to work?,Nwng bahai kamino thangma?
Please wait for me.,Angni tagwi nangyak hum.
What are you reading?,Nwng bobo poraima ong?
I am meeting my teacher.,Ang ani masterno naima ong.
She is not living here.,Bo bwini tongma ya.
The temperature is going up.,Lum bwkha thangma ong.
His name starts with "R".,Boni mung "R" thangma ong.
Is the restaurant open?,Restaurant phangkha do?
They are not working on Sunday.,Bwrwi Robibaro kamijak ya.
How long have you been here?,Nwng bobo somoi bwini ong?
Please sit down here.,Bwini achuk hum.
What is your favorite color?,Nini bobo rong kwbang?
I am cutting trees.,Ang bwphang tongma ong.
She is not watching TV.,Bo TV naima ya.
Why are you so kind?,Nwng bobo kwrwidi mwrwi ong?
He is walking down the street.,Bo lambani khumo thangma ong.
Can you play this game?,Nwng bi khel chelma paro do?
I am not going to the party.,Ang partio thangma ya.
The river is flowing up.,Chima bwkha thangma ong.
She is coming down from the roof.,Bo nokni bwkhasa phiyok ong.
What is this plant called?,Bi bwphang bobo mungma?
I am living in this village.,Ang bi nokhaio tongma ong.
He is not working here.,Bo bwini kamijak ya.
Why are you so quiet today?,Nwng bobo kwrwidi diniwi thwgwi tong?
How do you like the food?,Nwng bahai hakchak khuswi?
Please come with me.,Angno kharing phiyok hum.
What are they building there?,Bwrwi bukhukno bobo slaima ong?
I am learning to swim.,Ang twima hikhma ong.
She is not coming to the meeting.,Bo meetingo phiyok ya.
The moon is up tonight.,Tal horwi bwkha ong.
His name is very long.,Boni mung kwbango tal.
Is the doctor available?,Doctor hamya do?
They are not eating lunch.,Bwrwi talsa chama ya.
How do you make this soup?,Nwng bahai bi jhol slaima?
Please turn off the light.,Phorang wanchaya hum.
What is this festival called?,Bi pwja bobo mungma?
I am watching birds.,Ang twkhwi naima ong.
She is not listening to me.,Bo angno khnama ya.
Why are you so busy?,Nwng bobo kwrwidi bwtwi ong?
He is climbing up the tree.,Bo bwphang bwkha tongma ong.
Can you catch fish?,Nwng ha raima paro do?
I am not reading now.,Ang daniwi poraima ya.
The smoke is going up.,Khuwa bwkha thangma ong.
She is walking down the path.,Bo lambani khumo thangma ong.
What is your father doing?,Nini bupha bobo kwrwima ong?
I am waiting for the rain.,Ang twichwkni tagwi nangyak ong.
He is not growing rice.,Bo mai swima ya.
Why are you so interested?,Nwng bobo kwrwidi achukma ong?
How do you open this box?,Nwng bahai bi baksw phangma?
Please bring my book.,Ani boi pechak hum.
What are they selling?,Bwrwi bobo pechama ong?
I am going to the temple.,Ang mandirot thangma ong.
She is not speaking to him.,Bo bono rwchap ya.
The prices are going down.,Dam bwkhasa thangma ong.
Her name is not Maloti.,Boni mung Maloti ya.
Is the water hot?,Twi lum do?
They are not working properly.,Bwrwi kwbango kamijak ya.
How many languages can you speak?,Nwng bobo thum rwchap paro?
Please wash this plate.,Bi thalwi silaima hum.
What is this instrument called?,Bi baja bobo mungma?
I am playing with children.,Ang khoroksano chelma ong.
She is not happy with the food.,Bo hakchakno khuswi ya.
Why are you so smart?,Nwng bobo kwrwidi buima ong?
He is going down to the river.,Bo chimani khumo thangma ong.
Can you run fast?,Nwng chamungwi khuluima paro do?
I am not buying clothes.,Ang risa braima ya.
The clouds are moving up.,Rwma bwkha thangma ong.
She is coming down the hill.,Bo hathaini bwkhasa phiyok ong.
What is the name of this flower?,Bi bwkhlukni mung bobo?
I am preparing dinner.,Ang horwi chama twiyar ong.
He is not feeling cold.,Bo nwngma malai ya.
Why are you so tired?,Nwng bobo kwrwidi haima ong?
How do you make this tea?,Nwng bahai bi cha slaima?
Please forgive me.,Angno kshamak hum.
What are you writing?,Nwng bobo swima ong?
I am going to the river.,Ang chimao thangma ong.
She is not looking for work.,Bo kamini tagwi naima ya.
The moon is high up in the sky.,Tal akaso talwi bwkha ong.
His name is not correct.,Boni mung thik ya.
Is the school open today?,Iskul diniwi phangkha do?
They are not making noise.,Bwrwi sade kwrwima ya.
How do you prepare this dish?,Nwng bahai bi hakchak twiyar?
Please clean this room.,Bi ghar phangma hum.
What is the name of this game?,Bi khelni mung bobo?
I am talking on the phone.,Ang phono rwchap ong.
She is not eating vegetables.,Bo hathai chama ya.
Why are you so successful?,Nwng bobo kwrwidi saphlwi ong?
He is going up to the roof.,Bo nokni bwkha thangma ong.
Can you drive a car?,Nwng gari chalaima paro do?
I am not feeling hungry.,Ang wiwi malai ya.
The smoke is going down.,Khuwa bwkhasa thangma ong.
She is climbing up the ladder.,Bo mwderni bwkha tongma ong.
What is your job?,Nini bobo kami?
I am painting the wall.,Ang dewal rangma ong.
He is not writing a book.,Bo boi swima ya.
Why are you so confused?,Nwng bobo kwrwidi gothmalai ong?
How do you catch fish?,Nwng bahai ha raima?
Please show me the way.,Angno lamba pechak hum.
What are they building?,Bwrwi bobo slaima ong?
I am working at home.,Ang nokha kamijak ong.
She is not wearing shoes,Bo juta chima ya.
The temperature is going down,Lum bwkhasa thangma ong.
His name is very short,Boni mung kwbango chwkma.
wearing,chima
We are walking to school.,Bwrwi iskulo thangma ong.
The children are playing outside.,Khoroksa bwrwi chelma ong.
I cannot understand Kokborok.,Ang Kokborok buima paro ya.
She lives in the village.,Bo nokhaio tongma ong.
He is cooking rice for dinner.,Bo horwini tagwi mai chekma ong.
Are you coming to the market?,Nwng bazaro phiyok ong do?
They are not listening to us.,Bwrwi bwrwino khnama ya.
My brother is very tall.,Ani bwsa kwbango tal.
The water is very cold today.,Twi diniwi kwbango nwngma.
I am planting vegetables in the garden.,Ang baganao hathai tuima ong.
Where are you going?,Nwng bubo thangma ong?
She is writing a letter to her mother.,Bo bobo mamaino chiti swima ong.
He cannot swim in the river.,Bo chimao twima paro ya.
The food is very delicious.,Hakchak kwbango mainwima.
We are not working today.,Bwrwi diniwi kamijak ya.
Are they learning Kokborok?,Bwrwi Kokborok hikhma ong do?
I am watching the birds fly.,Ang twkhwi dwoima naima ong.
She doesn't speak English well.,Bo English kwbango rwchap ya.
My father works in the field.,Ani bupha khumao kamijak ong.
Can you help me carry this bag?,Nwng angno bi bag tonglaima sahaima paro do?
The rain is coming down heavily.,Twichwk kwbango bwkhasa phiyok ong.
We are eating dinner together.,Bwrwi kharing horwi chama ong.
They are building a new house.,Bwrwi nwtwi nok slaima ong.
I cannot find my keys.,Ang ani chabi hamya paro ya.
She is teaching the children Kokborok.,Bo khoroksano Kokborok poraima ong.
He is listening to traditional music.,Bo paramparik musika khnama ong.
The tree is very tall.,Bwphang kwbango tal.
Are you feeling sick today?,Nwng diniwi nangphung malai ong do?
We are going to the river to fish.,Bwrwi chimao ha raima thangma ong.
They are not coming to the festival.,Bwrwi pwjao phiyok ya.
I am learning to speak Kokborok.,Ang Kokborok rwchap hikhma ong.
She cannot climb the mountain.,Bo hathai tongma paro ya.
My mother is cooking fish curry.,Ani mamai ha tangru chekma ong.
The flowers are blooming in the garden.,Bwkhluk baganao phangma ong.
We are reading books together.,Bwrwi kharing boi poraima ong.
Is your father at home?,Nini bupha nokha ong do?
They are washing clothes in the river.,Bwrwi chimao risa silaima ong.
I am selling fruits in the market.,Ang bazaro bithi pechama ong.
She is not feeling well today.,Bo diniwi kwbango malaiwa.
He is cutting wood for the fire.,Bo wani tagwi bwlai tongma ong.
The village is far from here.,Nokhai bwnini kwbango tal.
Are you waiting for someone?,Nwng swkni tagwi nangyak ong do?
We are not ready for the journey.,Bwrwi thangmani tagwi twiyar ya.
They are singing traditional songs.,Bwrwi paramparik rwma rwma ong.
I cannot speak Kokborok well.,Ang Kokborok kwbango rwchap paro ya.
She is cleaning the house today.,Bo diniwi nok phangma ong.
My son is studying in the city.,Ani khoroksa saharo poraima ong.
The dog is sleeping under the tree.,Sui bwphangni khumo mwtaima ong.
We are planting rice in the field.,Bwrwi khumao mai tuima ong.
Are they building a new school?,Bwrwi nwtwi iskul slaima ong do?
I am making bamboo baskets.,Ang wakhuk slaima ong.
She cannot come tomorrow.,Bo gaba phiyok paro ya.
He is teaching the students English.,Bo studentno English poraima ong.
The road to the village is muddy.,Nokhaini lamba kotorma ong.
Are you selling these vegetables?,Nwng bi hathai pechama ong do?
We are not buying new clothes.,Bwrwi nwtwi risa braima ya.
They are cooking dinner for us.,Bwrwi bwrwini tagwi horwi chama chekma ong.
I am feeling tired after work.,Ang kami yano hai malai ong.
She is weaving a traditional cloth.,Bo paramparik risa chima ong.
My grandmother knows many stories.,Ani bwrwi kwbango katha mani.
The children are playing in the rain.,Khoroksa twichwko chelma ong.
We are going to the temple to pray.,Bwrwi mandirot prarthana kwrwima thangma ong.
Are they bringing food for the feast?,Bwrwi pwjani tagwi hakchak pechakma ong do?
I cannot understand what you are saying.,Ang nwng bobo rwchapma buima paro ya.
She is teaching dance to the girls.,Bo bwsano mulungma poraima ong.
He is not feeling happy about the news.,Bo khabarni barai khuswi malai ya.
The river flows down to the valley.,Chima tamtharni khumo thangma ong.
Are you coming to the meeting tomorrow?,Nwng gaba meetingo phiyok ong do?
We are harvesting rice this week.,Bwrwi bi hafta mai tongma ong.
They are celebrating a traditional festival.,Bwrwi paramparik pwja manchaima ong.
I am learning to play the traditional instrument.,Ang paramparik baja bajama hikhma ong.
She cannot understand the old language.,Bo purono thum buima paro ya.
My sister is making traditional food.,Ani bwsa paramparik hakchak slaima ong.
The birds are building nests in the tree.,Twkhwi bwphango ba slaima ong.
We are collecting firewood from the forest.,Bwrwi burumani bwlai khorokma ong.
Are they fishing in the river today?,Bwrwi diniwi chimao ha raima ong do?
I am going to the city to work.,Ang saharo kamijak thangma ong.
She is not coming to the wedding.,Bo biyano phiyok ya.
He is planting trees in the village.,Bo nokhaio bwphang tuima ong.
The sky is getting dark.,Akas andharima ong.
Are you listening to what I am saying?,Nwng ang bobo rwchapma khnama ong do?
We are not going to the market today.,Bwrwi diniwi bazaro thangma ya.
They are making baskets from bamboo.,Bwrwi wakhuk wani slaima ong.
I cannot climb that tall tree.,Ang wa tal bwphang tongma paro ya.
She is teaching the children how to read.,Bo khoroksano bahai poraima hikhma poraima ong.
My father is hunting in the forest.,Ani bupha burumao mwchang gai thangma ong.
The cows are grazing in the field.,Mushuk khumao gai chama ong.
We are cooking traditional food for the festival.,Bwrwi pwjani tagwi paramparik hakchak chekma ong.
Are they bringing water from the well?,Bwrwi kuani twi pechakma ong do?
I am going to the doctor today.,Ang diniwi doctoro thangma ong.
She cannot work in the field anymore.,Bo aboni khumao kamijak paro ya.
He is reading a book about Kokborok.,Bo Kokborok baraini boi poraima ong.
The moon is shining brightly tonight.,Tal horwi kwbango phorang ong.
Are you coming to the wedding ceremony?,Nwng biya manchaimao phiyok ong do?
We are learning traditional dances.,Bwrwi paramparik mulungma hikhma ong.
They are not singing traditional songs anymore.,Bwrwi aboni paramparik rwma rwma ya.
I am making tea for everyone.,Ang swkni tagwi cha slaima ong.
She is carrying water from the river.,Bo chimani twi hoimaima ong.
My mother knows how to weave baskets.,Ani mamai bahai wakhuk swima mani.
The children are swimming in the pond.,Khoroksa pukurio twima ong.
We are going to visit our relatives.,Bwrwi ani khoroksano naima thangma ong.
Are they bringing gifts for the children?,Bwrwi khoroksani tagwi uphar pechakma ong do?
I cannot understand the elder's language.,Ang bwrwini thum buima paro ya.
She is cooking fish for lunch.,Bo talsa chamani tagwi ha chekma ong.
He is not going to the field today.,Bo diniwi khumao thangma ya.
The wind is blowing strongly.,Bar kwbango baima ong.
Are you selling your old bicycle?,Nwng nini purono cycle pechama ong do?
We are repairing the roof of our house.,Bwrwi ani nokni bwkha maramma ong.
They are cutting bamboo in the forest.,Bwrwi burumao wa tongma ong.
I am going to learn traditional medicine.,Ang paramparik dawai hikhma thangma ong.
She cannot speak the tribal language.,Bo janajati thum rwchap paro ya.
My grandmother is telling a story.,Ani bwrwi katha swima ong.
The dog is barking at strangers.,Sui oborni manino gramak ong.
We are collecting fruits from the garden.,Bwrwi baganani bithi khorokma ong.
Are they building a community hall?,Bwrwi community hall slaima ong do?
I am not feeling well since morning.,Ang sakhalthani kwbango malaiwa.
She is teaching the traditional way of cooking.,Bo paramparik chekma niyom poraima ong.
He is carrying a heavy load on his head.,Bo boni bokotho gorwi har hoima ong.
The cat is climbing up the tree.,Mousa bwphang bwkha tongma ong.
Are you coming to the cultural program?,Nwng cultural programo phiyok ong do?
We are not celebrating the festival this year.,Bwrwi bi borcho pwja manchai ya.
They are planting rice seedlings.,Bwrwi mai gasli tuima ong.
I cannot understand the old stories.,Ang purono katha buima paro ya.
She is making traditional jewelry.,Bo paramparik gahona slaima ong.
My brother is hunting in the mountains.,Ani bwsa hathaio mwchang gai thangma ong.
The women are weaving traditional clothes.,Bwsa paramparik risa wahma ong.
We are going to the river for washing clothes.,Bwrwi chimao risa silaimani thangma ong.
Are they bringing traditional musical instruments?,Bwrwi paramparik baja pechakma ong do?
I am learning to make traditional food.,Ang paramparik hakchak slaima hikhma ong.
She cannot come to the meeting today.,Bo diniwi meetingo phiyok paro ya.
He is teaching the children traditional games.,Bo khoroksano paramparik khel poraima ong.
The field is ready for planting.,Khuma tuimani tagwi twiyar ong.
Are you selling homemade products?,Nwng nokha slaima jinis pechama ong do?
We are not going to the city tomorrow.,Bwrwi gaba saharo thangma ya.
They are making traditional medicine from herbs.,Bwrwi jori butini paramparik dawai slaima ong.
I cannot speak the dialect of this village.,Ang bi nokhaini thum rwchap paro ya.
She is teaching traditional values to children.,Bo khoroksano paramparik mulyo poraima ong.
My father knows how to read the stars.,Ani bupha bahai twkhwi poraima mani.
The elders are telling stories to children.,Bwrwi khoroksano katha swima ong.
We are celebrating the harvest festival.,Bwrwi mai tongma pwja manchaima ong.
Are they bringing traditional food to the feast?,Bwrwi pwjani tagwi paramparik hakchak pechakma ong do?
I am going to the forest to collect herbs.,Ang burumao jori buti khorokmani tagwi thangma ong.
She cannot understand the old traditions.,Bo purono paramparik buima paro ya.
He is fishing in the traditional way.,Bo paramparik khamjongo ha raima ong.
The village head is calling a meeting.,Nokhai mukhia meeting hwn ong.
Are you coming to the cultural dance?,Nwng cultural mulungmao phiyok ong do?
We are not working in the fields this season.,Bwrwi bi rituo khumao kamijak ya.
They are building a traditional house.,Bwrwi paramparik nok slaima ong.
I cannot climb the steep hill.,Ang shada hathai tongma paro ya.
She is teaching the art of storytelling.,Bo katha swima kala poraima ong.
My mother knows how to make traditional medicine.,Ani mamai bahai paramparik dawai slaima mani.
The birds are singing in the morning.,Twkhwi sakhalthani rwma ong.
We are collecting rainwater for drinking.,Bwrwi ungmani tagwi twichwk khorokma ong.
Are they bringing musical instruments to the ceremony?,Bwrwi manchaimao baja pechakma ong do?
I am learning traditional fishing methods.,Ang paramparik ha raima paddhati hikhma ong.
She cannot understand why the river is drying up.,Bo bobo kwrwidi chima sukwima buima paro ya.
He is teaching traditional farming techniques.,Bo paramparik khuma khamjaknap poraima ong.
The forest is full of medicinal plants.,Buruma jori butiwi gang ong.
Are you going to the sacred grove?,Nwng pavitra burumao thangma ong do?
We are not cutting down the sacred tree.,Bwrwi pavitra bwphang tongma ya.
They are performing traditional dances.,Bwrwi paramparik mulungma kwrwima ong.
I cannot understand the sacred texts.,Ang pavitra swima buima paro ya.
She is making offerings to the ancestors.,Bo purvajo pugamo pechakma ong.
My grandfather knows many healing herbs.,Ani ata kwbango nirokmani jori buti mani.
The children are learning the traditional language.,Khoroksa paramparik thum hikhma ong.
We are going to the sacred river.,Bwrwi pavitra chimao thangma ong.
Are they celebrating the new year festival?,Bwrwi nwtwi borcho pwja manchaima ong do?
I am going to the elder's house for advice.,Ang bwrwini nokno montronani tagwi thangma ong.
She cannot understand the meaning of the ritual.,Bo ritualani ortho buima paro ya.
He is preparing for the traditional wrestling match.,Bo paramparik kushti khurani tagwi twiyar ong.
The hills are covered with fog today.,Hathai diniwi kutumo phakma ong.
Are you collecting traditional seeds for planting?,Nwng tuimani tagwi paramparik bij khorokma ong do?
We are not forgetting our traditional customs.,Bwrwi ani paramparik niyom paharwa ya.
They are making offerings to the forest spirits.,Bwrwi buruma devtano pugamo pechakma ong.
I cannot interpret the elder's dream.,Ang bwrwini swpno byakhya kwrwima paro ya.
She is teaching the art of traditional healing.,Bo paramparik nirokmani kala poraima ong.
My grandmother knows how to predict the weather.,Ani bwrwi bahai barsa anuman kwrwima mani.
The village elders are discussing community issues.,Nokhai bwrwi community bishayni barai alochona kwrwima ong.
We are celebrating the birth of a new child.,Bwrwi nwtwi khoroksa jonmani manchaima ong.
Are they bringing offerings to the temple?,Bwrwi mandirot pugamo pechakma ong do?
I am learning to recognize medicinal plants.,Ang jori buti chinhima hikhma ong.
She cannot understand the meaning of the sacred songs.,Bo pavitra rwmani ortho buima paro ya.
He is preparing traditional medicines for the sick.,Bo nangphungni tagwi paramparik dawai twiyar ong.
The moon festival will start tomorrow.,Tal pwja gaba thangjakma ong.
Are you going to the community meeting?,Nwng community meetingo thangma ong do?
We are not breaking the traditional rules.,Bwrwi paramparik niyom bhangma ya.
They are weaving baskets for the harvest.,Bwrwi mai tongmani tagwi wakhuk wahma ong.
I cannot understand the symbolic patterns.,Ang pratikko ruprekha buima paro ya.
She is teaching the traditional calendar system.,Bo paramparik calendar paddhati poraima ong.
My father knows how to navigate using the stars.,Ani bupha bahai twkhwi khumo path mani.
The elders are blessing the new house.,Bwrwi nwtwi nokno ashirvad ong.
We are going to the sacred mountain.,Bwrwi pavitra hathaio thangma ong.
Are they bringing traditional clothes for the ceremony?,Bwrwi manchaimani tagwi paramparik risa pechakma ong do?
I am learning to recognize the signs of nature.,Ang prakriti chinhobo chinhima hikhma ong.
She cannot understand why the birds are not singing.,Bo bobo kwrwidi twkhwi rwma ya buima paro ya.
He is teaching traditional ways to preserve food.,Bo paramparik hakchak tabma niyom poraima ong.
The sacred tree is hundreds of years old.,Pavitra bwphang sai bochchor purono.
Are you collecting herbs for the healing ceremony?,Nwng nirokmani manchaimani tagwi jori buti khorokma ong do?
We are not disturbing the forest spirits.,Bwrwi buruma devtano kwchangwa ya.
They are making traditional musical instruments.,Bwrwi paramparik baja slaima ong.
I cannot climb to the sacred cave.,Ang pavitra guphao tongma paro ya.
She is teaching the meaning of traditional symbols.,Bo paramparik pratikko ortho poraima ong.
My mother knows how to interpret dreams.,Ani mamai bahai swpno byakhya kwrwima mani.
The children are learning traditional games.,Khoroksa paramparik khel hikhma ong.
We are preparing for the rain ritual.,Bwrwi twichwk ritualani tagwi twiyar ong.
Are they bringing clay for the traditional pottery?,Bwrwi paramparik bartonni tagwi mati pechakma ong do?
I am going to the sacred spring for water.,Ang pavitra jharanani twini tagwi thangma ong.
She cannot understand the significance of the full moon.,Bo purnima gurutwono buima paro ya.
He is teaching how to read weather signs.,Bo bahai barsa chinho poraima hikhma poraima ong.
The village is preparing for the wedding ceremony.,Nokhai biya manchaimani tagwi twiyar ong.
Are you bringing flowers for the offering?,Nwng pugamoni tagwi bwkhluk pechakma ong do?
We are not breaking the silence of the sacred grove.,Bwrwi pavitra burumani nisabda bhangma ya.
They are performing the traditional healing ritual.,Bwrwi paramparik nirokmani ritual kwrwima ong.
I cannot understand the language of the ancient songs.,Ang prachino rwma thum buima paro ya.
She is teaching how to make traditional dyes.,Bo paramparik rong slaima hikhma poraima ong.
My grandmother knows the stories of our ancestors.,Ani bwrwi ani purvajoni katha mani.
The elders are discussing the signs in nature.,Bwrwi prakritini chinho barai alochona kwrwima ong.
We are going to the forest to pray.,Bwrwi burumao prarthana kwrwimani tagwi thangma ong.
Are they bringing traditional musical instruments to the ceremony?,Bwrwi manchaimao paramparik baja pechakma ong do?
I am learning the traditional dance steps.,Ang paramparik mulungma charanbobo hikhma ong.
She cannot understand the language of the ancient texts.,Bo prachino textni thum buima paro ya.
He is teaching the art of traditional storytelling.,Bo paramparik katha swima kala poraima ong.
The sacred river flows through the village.,Pavitra chima nokhai thwi thangma ong.
Are you gathering medicinal plants for the sick?,Nwng nangphungni tagwi jori buti khorokma ong do?
We are not disturbing the sacred spirits.,Bwrwi pavitra devtano kwchangwa ya.
They are preparing traditional sweets for the festival.,Bwrwi pwjani tagwi paramparik misthano twiyar ong.
I cannot recognize all the medicinal plants.,Ang hakini jori buti chinhima paro ya.
She is teaching the traditional way of childbirth.,Bo paramparik prasav niyom poraima ong.
My father knows how to find water underground.,Ani bupha bahai bhumi tollo twi naima mani.
The birds are signaling the coming of rain.,Twkhwi twichwk phiyokma chinho ong.
We are collecting seeds for the next planting season.,Bwrwi nwtwino tuima rituni tagwi bij khorokma ong.
Are they performing the rain dance?,Bwrwi twichwk mulungma kwrwima ong do?
I am going to learn the traditional hunting methods.,Ang paramparik sikari paddhati hikhma thangma ong.
She cannot understand why the crops are failing.,Bo bobo kwrwidi phosal byartha buima paro ya.
He is teaching how to make traditional farming tools.,Bo paramparik khuma khamjakbobo slaima hikhma poraima ong.
The full moon night is considered sacred.,Purnima horwi pavitra kwrwidi mainwima ong.
Are you bringing traditional clothes for the festival?,Nwng pwjani tagwi paramparik risa pechakma ong do?
We are not cutting trees during the sacred month.,Bwrwi pavitra mahino bwphang tongma ya.
They are preparing the sacred space for the ceremony.,Bwrwi manchaimani tagwi pavitra jaga twiyar ong.
I cannot interpret all the signs in nature.,Ang hakini prakritini chinho byakhya kwrwima paro ya.
She is teaching the art of traditional midwifery.,Bo paramparik dhai kala poraima ong.
My grandmother knows when the rains will come.,Ani bwrwi khoino twichwk phiyok mani.
The children are learning to respect the elders.,Khoroksa bwrwino sammano hikhma ong.
We are preparing the offerings for the ancestors.,Bwrwi purvajni tagwi pugamo twiyar ong.
Are they bringing sacred water for the ritual?,Bwrwi ritualani tagwi pavitra twi pechakma ong do?
I am learning to read the traditional calendar.,Ang paramparik calendar poraima hikhma ong.
She cannot understand why the birds are migrating early.,Bo bobo kwrwidi twkhwi agwi prokhojan buima paro ya.
He is teaching the significance of the harvest moon.,Bo tongma talni gurutwo poraima ong.
The sacred well never dries up.,Pavitra kua tei sukwi ya.
Are you collecting the sacred clay for pottery?,Nwng bartonni tagwi pavitra mati khorokma ong do?
We are not revealing the secret rituals.,Bwrwi gupono ritual prokash ya.
They are making traditional musical instruments from bamboo.,Bwrwi wani paramparik baja slaima ong.
I cannot climb to the sacred peak.,Ang pavitra chatano tongma paro ya.
She is teaching the traditional way of preserving seeds.,Bo paramparik bij tabma niyom poraima ong.
My mother knows how to read the clouds.,Ani mamai bahai rwma poraima mani.
The elders are selecting the site for the new temple.,Bwrwi nwtwi mandirni tagwi jaga bachima ong.
We are going to the sacred waterfall.,Bwrwi pavitra jhorao thangma ong.
Are they bringing offering to the forest deity?,Bwrwi buruma devtani tagwi pugamo pechakma ong do?
I am learning to identify the sacred trees.,Ang pavitra bwphang chinhima hikhma ong.
She cannot understand the ancient writing.,Bo prachino lekhani buima paro ya.
He is teaching traditional weather prediction.,Bo paramparik barsa anuman kwrwima poraima ong.
The village ancestors are believed to protect us.,Nokhai purvajo bwrwino raksha mainwima ong.
Are you bringing medicinal plants for the ceremony?,Nwng manchaimani tagwi jori buti pechakma ong do?
We are not entering the sacred grove during night.,Bwrwi horwi pavitra burumao phesakma ya.
They are preparing traditional attire for the wedding.,Bwrwi biyani tagwi paramparik risa twiyar ong.
I cannot understand the significance of the ritual.,Ang ritualani gurutwo buima paro ya.
She is teaching traditional methods of water conservation.,Bo paramparik twi sonrokhon paddhati poraima ong.
My father knows the boundaries of our ancestral land.,Ani bupha ani purvajni bhumi sima mani.
The birds are building nests before the rainy season.,Twkhwi twichwk rituni agwi ba slaima ong.
We are preparing the sacred fire for the ceremony.,Bwrwi manchaimani tagwi pavitra wa twiyar ong.
Are they performing the traditional dance for rain?,Bwrwi twichwkni tagwi paramparik mulungma kwrwima ong do?
I am going to learn the traditional pottery.,Ang paramparik barton slaima hikhma thangma ong.
She cannot understand the pattern of the seasons.,Bo rituni pattern buima ya.
He is teaching the traditional farming calendar.,Bo paramparik khuma calendar poraima ong.
The sacred mountain is visible from our village.,Pavitra hathai ani nokhaithani naima ong.
Are you bringing traditional sweets for the children?,Nwng khoroksani tagwi paramparik misthano pechakma ong do?
We are not disturbing the nesting birds.,Bwrwi ba jokni twkhwino kwchangwa ya.
They are making traditional medicines from forest herbs.,Bwrwi burumani jori butini paramparik dawai slaima ong.
I cannot recognize the sacred symbols.,Ang pavitra pratikko chinhima paro ya.
She is teaching traditional methods of childrearing.,Bo paramparik khoroksa palmani paddhati poraima ong.
My mother knows how to weave traditional patterns.,Ani mamai bahai paramparik pattern wahma mani.
The elders are telling stories about the great flood.,Bwrwi maha bannani katha rwchapma ong.
We are going to the sacred cave for meditation.,Bwrwi dhyan kwrwimani tagwi pavitra guphao thangma ong.
Are they bringing the sacred fire to the new house?,Bwrwi nwtwi nokno pavitra wa pechakma ong do?
I am learning the traditional art of weaving.,Ang paramparik wahma kala hikhma ong.
She cannot understand the migration of birds.,Bo twkhwini prokhojanno buima paro ya.
He is teaching how to read the position of stars.,Bo bahai twkhwini sthiti poraima poraima ong.
The sacred tree is believed to grant wishes.,Pavitra bwphang ichcha puronna mainwima ong.
Are you bringing traditional gifts for the newborn?,Nwng nwtwi jonmani tagwi paramparik uphar pechakma ong do?
We are not cutting bamboo during the full moon.,Bwrwi purnimao wa tongma ya.
They are performing the traditional ceremony for the departed.,Bwrwi nangkramani tagwi paramparik manchaima kwrwima ong.
I cannot climb the sacred cliff.,Ang pavitra pabataro tongma paro ya.
She is teaching the traditional funeral rites.,Bo paramparik antyesti samskar poraima ong.
My father knows the sacred chants for healing.,Ani bupha nirokmani tagwi pavitra mantra mani.
The birds are warning of approaching danger.,Twkhwi phiyokma vipattini barai chetawoni ong.
We are preparing traditional ornaments for the bride.,Bwrwi brideani tagwi paramparik gahona twiyar ong.
Are they performing the planting ritual today?,Bwrwi diniwi tuima ritual kwrwima ong do?
I am going to learn the traditional art of metal work.,Ang paramparik dhatu kami kala hikhma thangma ong.
She cannot understand the cycle of the moon.,Bo talni chakra buima paro ya.
He is teaching the traditional martial arts.,Bo paramparik martial arts poraima ong.
The village is situated between two sacred rivers.,Nokhai bwrwi pavitra chimani majari sthiti ong.
Are you bringing traditional instruments for the harvest festival?,Nwng tongma pwjani tagwi paramparik baja pechakma ong do?
We are not entering the sacred chamber.,Bwrwi pavitra kakkhao phesakma ya.
They are making traditional toys for the children.,Bwrwi khoroksani tagwi paramparik khelbobo slaima ong.
I cannot understand the ancient numbering system.,Ang prachino sankha paddhati buima paro ya.
She is teaching the art of traditional face painting.,Bo paramparik mukha rangma
I enrolled in a new course.,Ang nwtwi course join khama.
She is preparing for the interview.,Bo interview twiyar ong.
He scheduled a meeting.,Bo meeting somoy rangma.
They submitted their forms.,Bwrwi formini pechak khama.
Please upload the marksheet.,Marksheet upload khum.
We checked the results.,Bwrwi result naima.
She scored full marks.,Bo mark khotor mani.
He failed to attend.,Bo phiyok ya.
I missed the bus.,Ang bus miss khama.
She joined online class.,Bo online class join khama.
He is using Wi-Fi.,Bo Wi-Fi barwi ong.
Please charge your laptop.,Laptop charge khum.
They completed the task.,Bwrwi task finish khama.
I added a reminder.,Ang reminder add khama.
She created an event.,Bo program sorkha.
He forgot his password.,Bo boni password pahari.
We logged out.,Bwrwi logout khama.
Please mute your mic.,Mic mute khum.
They opened the attachment.,Bwrwi attachment phangkha.
I cleared my history.,Ang history delete khama.
She browsed the website.,Bo website naima.
He enabled notifications.,Bo notification thangkha.
We updated the browser.,Bwrwi browser update khama.
Please change the language.,Thum change khum.
They changed the wallpaper.,Bwrwi wallpaper change khama.
I created a shortcut.,Ang shortcut sorkha.
She saved the audio.,Bo audio save khama.
He shared his screen.,Bo boni screen share khama.
We edited the post.,Bwrwi post edit khama.
Please refresh the inbox.,Inbox refresh khum.
They enabled two-step login.,Bwrwi double login thangkha.
I deleted the spam mails.,Ang spam mail delete khama.
She created a playlist.,Bo playlist sorkha.
He turned on Bluetooth.,Bo Bluetooth thangkha.
We downloaded the app.,Bwrwi app download khama.
Please sync the contacts.,Contact sync khum.
They opened the spreadsheet.,Bwrwi Excel file phangkha.
I exported the report.,Ang report export khama.
She installed an extension.,Bo extension install khama.
He joined the webinar.,Bo webinar join khama.
We are updating the system.,Bwrwi system update khama ong.
Please restart your computer.,Computer restart khum.
They formatted the USB drive.,Bwrwi pendrive format khama.
I uploaded a PDF.,Ang PDF upload khama.
She shared the screenshots.,Bo screenshot share khama.
He locked the desktop.,Bo desktop lock khama.
We cleared the cache.,Bwrwi cache delete khama.
Please upload your ID proof.,ID card upload khum.
They muted the participants.,Bwrwi member mute khama.
I customized the toolbar.,Ang toolbar modify khama.
She fixed the login issue.,Bo login somoy phangma.
He added a bookmark.,Bo bookmark add khama.
We installed the antivirus.,Bwrwi antivirus install khama.
Please download the user guide.,User guide download khum.
They updated the settings.,Bwrwi setting update khama.
I changed the background.,Ang background change khama.
She created a group chat.,Bo group chat sorkha.
He replied to the mail.,Bo mail jawab khama.
We forwarded the message.,Bwrwi message pechak khama.
Please accept the terms.,Terms mani hum.
They recorded the call.,Bwrwi call record khama.
I edited the photo.,Ang photo edit khama.
She enabled screen recording.,Bo screen record thangkha.
He uploaded the notes.,Bo note upload khama.
We saved the link.,Bwrwi link save khama.
Please use the search bar.,Search bar barwi khum.
They are translating the document.,Bwrwi document translate khama ong.
I bookmarked the article.,Ang article bookmark khama.
She shared her password.,Bo boni password share khama.
He logged into Zoom.,Bo Zoomo login khama.
We created a Google Form.,Bwrwi Google Form sorkha.
Please click on the button.,Button chatha hum.
They scheduled a test.,Bwrwi test somoy rangma.
I downloaded the result.,Ang result download khama.
She printed the question paper.,Bo question paper print khama.
He missed the assignment.,Bo assignment pechak ya.
We submitted our feedback.,Bwrwi feedback pechak khama.
Please mute your speaker.,Speaker mute khum.
They locked the profile.,Bwrwi profile lock khama.
I restarted my device.,Ang phoneno restart khama.
She enabled night mode.,Bo night mode thangkha.
He changed the email.,Bo email change khama.
We saved the recording.,Bwrwi recording save khama.
Please activate your SIM.,SIM activate khum.
They scanned the QR code.,Bwrwi QR code scan khama.
I closed all tabs.,Ang khotor tab phatek.
She replied to the group.,Bo groupo jawab khama.
He switched off the router.,Bo router wanchaya.
We created a shortcut.,Bwrwi shortcut sorkha.
Please rename the file.,File mung change khum.
They switched accounts.,Bwrwi account change khama.
I uploaded the zip file.,Ang zip file upload khama.
She adjusted the volume.,Bo sound thik khama.
He fixed the audio issue.,Bo audio somoy phangma.
We are attending the webinar.,Bwrwi webinar join khama ong.
Please turn on screen share.,Screen share thangkha hum.
They downloaded the invite.,Bwrwi invitation download khama.
I saved the draft.,Ang draft save khama.
She removed the member.,Bo member hata khama.
He replied to the comment.,Bo comment jawab khama.
We switched to dark mode.,Bwrwi dark mode change khama.
Please open your gallery.,Gallery phangkha hum.
They changed the network.,Bwrwi network change khama.
I added a new contact.,Ang nwtwi contact add khama.
She watched the tutorial.,Bo tutorial naima.
He deleted old contacts.,Bo bwchap contact delete khama.
We backed up the photos.,Bwrwi photo backup khama.
Please scan your document.,Document scan khum.
They locked the screen.,Bwrwi screen lock khama.
I updated my password.,Ang password change khama.
She connected to Wi-Fi.,Bo Wi-Fi jora.
He enabled hotspot.,Bo hotspot thangkha.
We started the download.,Bwrwi download start khama.
Please stop the video.,Video wanchaya hum.
They reviewed the project.,Bwrwi project review khama.
I uploaded the resume.,Ang resume upload khama.
She signed the PDF.,Bo PDF sign khama.
He copied the folder.,Bo folder copy khama.
We printed the chart.,Bwrwi chart print khama.
Please charge your tablet.,Tablet charge khum.
They created a slideshow.,Bwrwi slide sorkha.
I adjusted the brightness.,Ang phangswi thik khama.
She deleted unnecessary files.,Bo file ya barwi delete khama.
He closed the tab.,Bo tab phatek.
We renamed the folder.,Bwrwi folder mung change khama.
Please logout from the site.,Website logout khum.
They exported the database.,Bwrwi data export khama.
I enabled location access.,Ang location thangkha.
She cleared the browsing history.,Bo browser history delete khama.
He uploaded the scanned copy.,Bo scanned copy upload khama.
We arranged the files.,Bwrwi file rangma.
Please type the captcha.,Captcha swima hum.
They signed the agreement.,Bwrwi agreement sign khama.
I reported the issue.,Ang somoy rwchap khama.
She accepted the terms.,Bo condition mani.
He forwarded the mail.,Bo mail pechak khama.
We changed our username.,Bwrwi username change khama.
Please paste the copied link.,Link chipaima hum.
They set the alarm.,Bwrwi alarm rangma.
I joined the online session.,Ang online class join khama.
She added a new device.,Bo nwtwi phone add khama.
He activated his account.,Bo account start khama.
We added a payment method.,Bwrwi payment method add khama.
Please confirm the transaction.,Payment confirm khum.
They scanned the barcode.,Bwrwi barcode scan khama.
I paid the fee online.,Ang fee online brai.
She downloaded the receipt.,Bo receipt download khama.
He forgot to log out.,Bo logout pahari.
We received the confirmation.,Bwrwi confirmni jawab mani.
Please upload your signature.,Sign upload khum.
They selected the date.,Bwrwi tarik rangma.
I entered the OTP.,Ang OTP dukha.
She clicked on the image.,Bo photo chatha.
He changed the SIM.,Bo SIM change khama.
We submitted the application.,Bwrwi apply form pechak khama.
I declined the invitation.,Ang invitation mani ya.
She updated her profile.,Bo boni profile update khama.
He followed the instructions.,Bo direction salani.
Please save your progress.,Progress save khum.
They are uploading a video.,Bwrwi video upload khama ong.
I changed the language.,Ang thum change khama.
She opened the dashboard.,Bo dashboard phangkha.
He is syncing the data.,Bo data sync khama ong.
We logged into the system.,Bwrwi system login khama.
She verified the account.,Bo account verify khama.
He disabled the option.,Bo option stop khama.
Please enter the password.,Password dukhum.
They refreshed the tab.,Bwrwi tab refresh khama.
I recharged the phone.,Ang phoneno recharge khama.
She customized the settings.,Bo setting modify khama.
He enabled notifications.,Bo notification thangkha.
We checked the balance.,Bwrwi balance check khama.
She organized the folders.,Bo folder rangma.
He reset the app.,Bo app reset khama.
Please install the update.,Update install khum.
They adjusted the brightness.,Bwrwi phangswi thik khama.
I changed the theme.,Ang theme change khama.
She downloaded the template.,Bo template download khama.
He installed antivirus.,Bo antivirus install khama.
We deleted unused files.,Bwrwi file ya barwi delete khama.
She scanned the QR code.,Bo QR code scan khama.
He checked the calendar.,Bo calendar naima.
Please create a backup.,Backup sorkha khum.
They removed the shortcut.,Bwrwi shortcut hata khama.
I synced my contacts.,Ang ani contact sync khama.
She added an event.,Bo program add khama.
He joined the video call.,Bo video call join khama.
We completed the survey.,Bwrwi survey finish khama.
She created a report.,Bo report sorkha.
He is logging out.,Bo logout khama ong.
Please check your inbox.,Nini inbox check khum.
They muted the group.,Bwrwi group mute khama.
I archived the chats.,Ang chat archive khama.
She enabled dark mode.,Bo dark mode thangkha.
He started the meeting.,Bo meeting start khama.
We shared the invitation.,Bwrwi invitation share khama.
She confirmed the booking.,Bo ticket confirm khama.
He edited his profile.,Bo boni profile edit khama.
Please leave the group.,Group chaya hum.
They created a poll.,Bwrwi poll sorkha.
I turned off auto-sync.,Ang auto-sync wanchaya.
She changed her number.,Bo boni number change khama.
He uploaded a document.,Bo document upload khama.
We sent the feedback.,Bwrwi feedback pechak.
She backed up the files.,Bo file backup khama.
He enabled voice control.,Bo rwchap ni thangkha.
Please download the update.,Update download khum.
They locked the settings.,Bwrwi setting lock khama.
I viewed the gallery.,Ang gallery naima.
She deleted old messages.,Bo bwchap message delete khama.
He created a password.,Bo password sorkha.
We updated the app.,Bwrwi app update khama.
She shared her location.,Bo boni location share khama.
He is using fingerprint lock.,Bo finger lock barwi ong.
Please turn off location.,Location wanchaya hum.
They accepted the invite.,Bwrwi invitation mani.
I joined the class.,Ang class join khama.
She is submitting the assignment.,Bo assignment pechak khama ong.
He uploaded the homework.,Bo homework upload khama.
We checked the timetable.,Bwrwi timetable naima.
She downloaded the result.,Bo result download khama.
He printed the admit card.,Bo admit card print khama.
Please bring your ID card.,Nini ID card pechak hum.
They verified the marks.,Bwrwi mark verify khama.
I submitted the project.,Ang project pechak khama.
She updated her resume.,Bo resume update khama.
He wrote a cover letter.,Bo letter swima.
We applied for the exam.,Bwrwi test karoni apply khama.
She completed the course.,Bo course finish khama.
He failed the test.,Bo test pass ya.
Please review the notes.,Note review khum.
They passed the semester.,Bwrwi semester pass khama.
I topped the class.,Ang class top khama.
She is watching the lecture.,Bo lecture naima ong.
He shared his notes.,Bo boni note share khama.
We booked the seat.,Bwrwi seat book khama.
She downloaded the syllabus.,Bo syllabus download khama.
He applied for admission.,Bo admission apply khama.
Please print your hall ticket.,Nini hall ticket print khum.
They attended the seminar.,Bwrwi seminar join khama.
I submitted the registration form.,Ang registration form pechak khama.
She joined the training.,Bo training join khama.
He missed the deadline.,Bo deadline khama ya.
We organized the workshop.,Bwrwi workshop rangma.
She presented the topic.,Bo topic rwchap khama.
He uploaded his certificate.,Bo certificate upload khama.
Please sign the attendance sheet.,Attendance paper sign khum.
They uploaded the notes.,Bwrwi note upload Khama
We are reviewing the lessons.,Bwrwi lesson review khama ong.
He is watching the sunrise.,Bo sal bwkha naima ong.
She is cleaning her phone.,Bo boni phoneno phangma ong.
Please press the button.,Button chatha hum.
They are turning off the lights.,Bwrwi phorang wanchaya ong.
I watered the flowers.,Ang bwkhlukno twi laima.
He is arranging the tools.,Bo tools rangma ong.
She is saving the document.,Bo document save khama ong.
We repaired the fan.,Bwrwi fan phangma.
He changed the settings.,Bo setting change khama.
Please draw a straight line.,Lambani phai borokma hum.
She pasted the sticker.,Bo sticker chipaima.
They closed all the doors.,Bwrwi khotor duwar phatek.
He filled the bottle.,Bo bottle laima.
I collected the papers.,Ang paper khorokma.
She copied the text.,Bo text copy khama.
He is installing the software.,Bo software install khama ong.
Please restart the computer.,Computer restart khum.
They are typing the article.,Bwrwi article swima ong.
I opened the file.,Ang file phangkha.
He cleaned the whiteboard.,Bo whiteboard phangma.
She sharpened her pencil.,Bo boni pencil tharaima.
We are scanning the documents.,Bwrwi document scan khama ong.
He downloaded the image.,Bo image download khama.
Please format the page.,Page format khum.
She wrote the notes.,Bo note swima.
They are updating the app.,Bwrwi app update khama ong.
He is fixing the remote.,Bo remote phangma ong.
I charged the battery.,Ang battery charge khama.
She printed the report.,Bo report print khama.
We are collecting the data.,Bwrwi data khorokma ong.
He recorded the video.,Bo video record khama.
She is labeling the files.,Bo file label khama ong.
They organized the event.,Bwrwi program rangma.
I am checking the mail.,Ang mail check khama ong.
He opened the locker.,Bo locker phangkha.
Please put it in the folder.,Foldero bini rang hum.
She closed the file.,Bo file phatek.
He is downloading the music.,Bo musika download khama ong.
They shared the screen.,Bwrwi screen share khama.
I saved the contact.,Ang contact save khama.
She scanned the barcode.,Bo barcode scan khama.
He wrote the feedback.,Bo feedback swima.
Please send the message.,Message pechak hum.
They created a new folder.,Bwrwi nwtwi folder sorkha.
She attached the document.,Bo document attach khama.
I am uploading the photo.,Ang photo upload khama ong.
He cleaned the keyboard.,Bo keyboard phangma.
She is using a new laptop.,Bo nwtwi laptop barwi ong.
We edited the image.,Bwrwi photo edit khama.
He is signing the paper.,Bo paper sign khama ong.
Please copy the link.,Link copy khum.
She recorded the voice.,Bo rwchap record khama.
They are joining the meeting.,Bwrwi meetingo join khama ong.
I am turning off the speaker.,Ang speaker wanchaya ong.
He reset the password.,Bo password reset khama.
She is uploading the assignment.,Bo assignment upload khama ong.
We created a presentation.,Bwrwi presentation sorkha.
He edited the slide.,Bo slide edit khama.
Please download the file.,File download khum.
She turned off the mic.,Bo mic wanchaya.
They are watching the webinar.,Bwrwi webinar naima ong.
I opened the tab.,Ang tab phangkha.
He muted the audio.,Bo audio mute khama.
She organized the workspace.,Bo office rangma.
We cleaned the projector.,Bwrwi projector phangma.
He exported the data.,Bo data export khama.
Please connect the charger.,Charger jora hum.
She is preparing the invoice.,Bo invoice twiyar ong.
They switched the cable.,Bwrwi cable change khama.
I am printing the bill.,Ang bill print khama ong.
He closed the application.,Bo app phatek.
She changed the wallpaper.,Bo wallpaper change khama.
We saved the screenshot.,Bwrwi screenshot save khama.
He locked the screen.,Bo screen lock khama.
Please restart the router.,Router restart khum.
They are formatting the drive.,Bwrwi drive format khama ong.
She opened the settings.,Bo setting phangkha.
He repaired the mouse.,Bo mouse phangma.
I changed the font.,Ang font change khama.
She created the design.,Bo design sorkha.
We are testing the connection.,Bwrwi connection test khama ong.
He turned on the monitor.,Bo monitor thangkha.
Please refresh the page.,Page refresh khum.
She added a comment.,Bo comment add khama.
They shared the document.,Bwrwi document share khama.
I am updating the software.,Ang software update khama ong.
He clicked the notification.,Bo notification chatha.
She searched the topic.,Bo topic naima.
We created a user ID.,Bwrwi user ID sorkha.
He activated the account.,Bo account start khama.
Please remove the error.,Error hata hum.
They corrected the spelling.,Bwrwi spelling thik khama.
She signed the agreement.,Bo agreement sign khama.
He accepted the request.,Bo request mani.
The child is playing.,Khoroksa chelma ong.
She is learning dance.,Bo mulungma hikhma ong.
I drank a glass of milk.,Ang dudukwi cha unga.
Please keep the books here.,Boi bwini rang hum.
He is watching the clock.,Bo somoyni ghori naima ong.
They are fixing the fence.,Bwrwi simsa phangma ong.
Do not throw garbage here.,Bwini kusa chaya hum.
She is listening carefully.,Bo bwtwi khnama ong.
We are waiting for you.,Bwrwi nwngno tagwi nangyak ong.
He is opening the door.,Bo duwar phangkha ong.
I am writing in my diary.,Ang ani diary swima ong.
She cleaned her glasses.,Bo boni chosma phangma.
They are going for a walk.,Bwrwi langma thangma ong.
He is organizing his table.,Bo boni table phangma ong.
Please give me some paper.,Angno mwnte paper hum.
I like this picture.,Ang bini photo khuswi.
She is organizing her clothes.,Bo boni risani phangma ong.
He took the medicine.,Bo dawai laima.
We are drawing together.,Bwrwi kharing phai borokma ong.
I am preparing my bag.,Ang ani bag twiyar ong.
The water is very clean.,Twi dangwi phang.
Please sweep the floor.,Bhitor phangma hum.
She closed the window.,Bo janela phatek.
He locked the gate.,Bo gate lock khama.
They planted flowers.,Bwrwi bwkhluk tuima.
I boiled the water.,Ang twi ujaima.
He is wearing a jacket.,Bo jacket chima ong.
She folded the clothes.,Bo risa sikhama.
The wind is blowing.,Rwng rwng rwngma ong.
Please bring the chairs.,Kwdalwi pechak hum.
We ate rice and fish.,Bwrwi mai ha chamai.
He is waiting for the teacher.,Bo masterno tagwi nangyak ong.
She wrote a poem.,Bo kobor swima.
I am fixing the light.,Ang phorang phangma ong.
They are cleaning the blackboard.,Bwrwi blackboard phangma ong.
She is baking bread.,Bo ruti chekma ong.
He is drinking juice.,Bo juice unga ong.
Please keep silence.,Thwgwi tong hum.
I love reading.,Ang poraima jola.
We are studying for exams.,Bwrwi test karoni poraima ong.
She is walking with her dog.,Bo suino kharing lambani thangma ong.
He sharpened the pencil.,Bo pencil tharaima.
They are going to the zoo.,Bwrwi zoot thangma ong.
Please close the curtains.,Curtain phatek hum.
I cleaned the table.,Ang table phangma.
He brought a big box.,Bo barwi bakswi pechak.
We are arranging the chairs.,Bwrwi kwdalwi rangma ong.
She carried a basket.,Bo basket tongma.
I am going to the library.,Ang libraryo thangma ong.
He is folding the bedsheet.,Bo bwsam sikhma ong.
They are reading quietly.,Bwrwi thwgwi poraima ong.
Please boil the milk.,Duduk ujaima hum.
I fixed the clock.,Ang ghori phangma.
She is wearing bangles.,Bo churi chima ong.
He lost his pen.,Bo boni pen harai.
We cleaned the blackboard.,Bwrwi blackboard phangma.
The sky is clear today.,Akaso diniwi phang.
She washed the dishes.,Bo thalwi silaima.
He brought the files.,Bo file pechak.
I am printing the document.,Ang document print khama ong.
Please turn off the fan.,Fan wanchaya hum.
They painted the wall.,Bwrwi dewal rangma.
She arranged the books.,Bo boi rangma.
He turned on the lights.,Bo phorang thangkha.
We are discussing the topic.,Bwrwi topic rwchap ong.
She is ironing the clothes.,Bo risa iron khama ong.
He packed his bag.,Bo boni bag pack khama.
I am editing the document.,Ang document edit khama ong.
Please erase the board.,Board delma hum.
They closed the windows.,Bwrwi janela phatek.
She downloaded the files.,Bo file download khama.
He is watching a documentary.,Bo documentary naima ong.
We folded the blankets.,Bwrwi blanket sikhama.
She brought the vegetables.,Bo pechak pechak.
He is fixing the switch.,Bo switch phangma ong.
Please write the heading.,Heading swima hum.
They washed their hands.,Bwrwi yakung silaima.
She arranged the bed.,Bo bwsam rangma.
He charged the battery.,Bo battery charge khama.
I am cleaning my laptop.,Ang ani laptop phangma ong.
She is cutting the paper.,Bo paper tongma ong.
He is searching for the charger.,Bo charger tagwi naima ong.
We are preparing for the meeting.,Bwrwi meeting twiyar ong.
She wore a scarf.,Bo scarf chima.
Please check the documents.,Document check hum.
He is folding the napkins.,Bo napkin sikhma ong.
She updated the file.,Bo file update khama.
They cleaned the chairs.,Bwrwi kwdalwi phangma.
He clicked the photo.,Bo photo laima.
We are lighting candles.,Bwrwi mwnwi thangkha ong.
She is typing the report.,Bo report typing khama ong.
He corrected the answer.,Bo jawab thik khama.
Please copy this text.,Bini text copy khum.
She is formatting the file.,Bo file format khama ong.
He fixed the door lock.,Bo duwar lock phangma.
I printed the notes.,Ang note print khama.
We are cleaning the shelves.,Bwrwi shelf phangma ong.
He organized the cupboard.,Bo cupboard rangma.
She stitched the button.,Bo button sewm khama.
They are polishing the shoes.,Bwrwi juta polish khama ong.
I am organizing the files.,Ang file rangma ong.
Please staple the papers.,Paper staple khum.
He is checking the attendance.,Bo attendance check khama ong.
She deleted the message.,Bo message delete khama.
I wrote the summary.,Ang summary swima.
I woke up early today.,Ang diniwi agwi bwsakha.
She forgot her umbrella.,Bo boni chata pahari.
He bought a new phone.,Bo nwtwi phone brai.
They are eating breakfast.,Bwrwi berani chamungwi chama ong.
I have a stomach ache.,Ang ni kwchak ache.
Where is the nearest hospital?,Chwngna hospital bobo tal?
My shoes are wet.,Angni juta twiyak.
He left in the morning.,Bo berani thang.
She likes to draw.,Bo phai borokma bwrwi.
I need to charge my phone.,Angni phoneno charge nangya.
Please open your bag.,Nini bag phangkha hum.
They went to the cinema.,Bwrwi cinemao thang.
He is afraid of dogs.,Bo sui no khwlaima.
I love my family.,Ang ani nokhorbaro jola.
The light is too bright.,Phorang dangwi phangswi.
She is wearing a red dress.,Bo rongbwrwi rog chima ong.
Are you feeling okay?,Nwng kwbango malai do?
We are cleaning the house.,Bwrwi nok phangma ong.
He is waiting outside.,Bo bwrwi nangyak ong.
The fan is not working.,Fan ya kamijak.
I am brushing my teeth.,Ang ni buk swima ong.
She made tea for us.,Bo bwrwino chani cha slaima.
Close the window, please.,Janela phatek hum.
Do you like music?,Nwng musika khuswi do?
He is on the phone.,Bo phono rwchap ong.
This bag is very heavy.,Bini bag dangwi barwi.
We are planning a trip.,Bwrwi lombo twiyar ong.
Please wash the vegetables.,Pechak silaima hum.
I don’t have any money.,Angno somoy ya.
She is laughing at me.,Bo angno moloma ong.
He is very friendly.,Bo kwbango urumung.
I am learning new words.,Ang nwtwi ngo hikhma ong.
What is your problem?,Nini bobo somoy?
He always comes late.,Bo dangwi dera phiyok.
Do not touch that.,Bini chaya hum.
It is raining outside.,Bwrwi twichwk ong.
We are going shopping.,Bwrwi braima thangma ong.
Turn on the TV.,TV thangkha hum.
I forgot the keys.,Ang chabi pahari.
He is good at cooking.,Bo hakchak chekma kwbang.
Can you hear me?,Nwng angno khnama paro do?
They are playing cricket.,Bwrwi cricket chelma ong.
I want some water.,Ang mwnte twi nangya.
She sings beautifully.,Bo bugwi rwma ong.
Please clean the table.,Table phangma hum.
I lost my notebook.,Ang ani notebook harai.
He is fixing the chair.,Bo kwdalwi phangma ong.
Do you need help?,Nwng sahaima nangya do?
We are going by bus.,Bwrwi buso thangma ong.
He is watering the plants.,Bo bwphangno twi laima ong.
I am late for school.,Ang iskulo dera ong.
She likes chocolate.,Bo chocolate khuswi.
It’s very cold today.,Diniwi dangwi nwngma.
The baby is crying.,Khonthai kadima ong.
We are watching a movie.,Bwrwi cinema naima ong.
He is baking a cake.,Bo cake chekma ong.
She is combing her hair.,Bo boni phak laka ong.
Where is your house?,Nini nok bobo?
I am writing an exam.,Ang test swima ong.
They are building a bridge.,Bwrwi bridge slaima ong.
She is painting the wall.,Bo dewal rangma ong.
Are you ready?,Nwng twiyar do?
He is taking a shower.,Bo shower laima ong.
Close the gate.,Gate phatek hum.
The road is slippery.,Lamba sim sim.
She is buying fruits.,Bo bithi braima ong.
Let’s go together.,Kharing thangwi hum.
Do you know the answer?,Nwng jawab khwna do?
He cleaned the room.,Bo ghar phangma.
She is baking cookies.,Bo biscuit chekma ong.
We are feeding the cat.,Bwrwi mousano chamma ong.
He is tying his shoes.,Bo boni juta rangma ong.
Please answer the question.,Questionni jawab rwchap hum.
I can’t find my bag.,Ang ani bag naima ya.
She is opening the shop.,Bo dokan phangkha ong.
Do not write on the wall.,Dewalo swima hum.
He helped the old man.,Bo bwchap chakrano sahaima.
It is getting dark.,Horang bwkhasa thangma.
We are calling the teacher.,Bwrwi masterno hwn ong.
I need to charge my laptop.,Ang laptop charge nangya.
She brought snacks.,Bo kharak pechak.
They are planting trees.,Bwrwi bwphang tuima ong.
He went out quickly.,Bo chamungwi thang.
Can you lift this box?,Nwng bi bakswi tonglai paro do?
I made a mistake.,Ang goth khama.
Please don’t cry.,Kadima ma hum.
He is turning off the fan.,Bo fan wanchaya ong.
I will be back soon.,Ang agwi rwchap phiyok.
They are cleaning the garden.,Bwrwi bagan phangma ong.
She is feeding the baby.,Bo khonthaino chamma ong.
What are you searching for?,Nwng bobo tagwi naima ong?
I am not feeling well.,Ang kwbango malaiwa.
He is picking flowers.,Bo bwkhluk raima ong.
She is cutting onions.,Bo piaz tongma ong.
Can I use your phone?,Ang nini phoneno barwi do?
We are watching birds.,Bwrwi twkhwi naima ong.
He is playing with kids.,Bo khoroksano chelma ong.
It’s time to sleep.,Mwtaima somoi ong.
Please don’t shout.,Grama ma hum.
I am making lunch.,Ang talsa twiyar ong.
She is reading the newspaper.,Bo paper poraima ong.
They are opening the gifts.,Bwrwi gift phangkha ong.
He is carrying a heavy bag.,Bo barwi bag tongma ong.
Where is my pen?,Ani pen bobo?
